Sea_Surface_Temperature,Atmospheric_Pressure,Humidity,Wind_Shear,Latitude,Proximity_to_Coastline,Cyclone
27.4981604754,1008.5214291923,89.2797576725,13.979877263,8.1198904067,1.3661761458,1
28.404460047,1001.2421773339,60.8233797718,19.5486477824,9.2467822136,0.6834045099,1
27.2169689718,995.742692949,77.2778007457,9.368437103,7.789877213,0.8663618433,1
27.8242799369,1003.5552788418,67.9869512863,12.7135165762,5.9290082544,0.6705241237,1
26.2602063719,1008.4665661176,98.625281323,17.1259602217,6.9534422801,0.9401524937,1
26.4881529394,994.8553073033,61.3755408446,18.6398060312,18.2504456871,1.0200680212,1
28.1868411174,985.5456336658,98.7833851106,16.6269923504,22.8965470086,1.421874235,1
26.3539700082,985.8794858726,61.8090915564,9.8799549614,10.4269806355,0.8567533267,1
27.1237380387,996.2808824947,65.636968999,17.0329547113,24.737738732,0.6987156815,1
26.0220884685,1004.4638428537,88.2742937539,15.9351075206,6.4808930347,0.6158690595,1
29.4524137035,998.6989438048,73.2359209941,5.9533752543,11.5036664405,1.1375574714,1
29.5488509703,994.1664477549,64.7837698375,15.6986718083,16.2255439514,0.9937955964,1
28.0909313175,992.8262305508,61.0167650698,6.6183714049,17.7282082253,1.0085706912,1
29.6302658957,987.4787668745,76.4153169214,16.3332670781,6.5395981966,0.6612212873,1
29.7187906094,1004.2436113869,85.3361502604,18.0719088528,8.7314011777,1.0393422419,1
29.2297606207,1006.8827389977,72.7201389989,6.6507788679,13.5421557725,1.3607305833,1
26.0278085221,995.3224190773,76.696440126,8.3316171571,11.7523034281,0.823202932,1
28.075162487,1001.0905687669,74.5451840952,19.5767312408,10.0356459165,0.8008783098,1
27.1393619775,981.1066084206,84.3825733592,12.5401853484,10.5729292847,0.7395618907,1
26.5795794884,994.6835828083,99.4260181644,8.6308290727,20.2323923066,1.2282163486,1
27.4711325309,998.9691749178,85.3411884304,13.0366202611,21.7060499118,0.6865185104,1
26.1631005662,997.7267882956,87.1025744737,5.2488174339,9.529915504,0.674366429,1
28.7637509524,991.602060389,97.4691995495,7.0628141622,7.2694704248,1.3773393534,1
27.0317665109,999.799521381,92.688888008,13.328012174,9.837045818,1.397215758,1
29.6016722287,998.9930437182,73.5611916419,10.2381436192,22.9422051991,1.2798755459,1
28.5681265846,982.5241989499,66.4651485638,18.4783128279,5.1839410323,1.1635017691,1
26.0202463354,984.8242415425,81.9493515747,15.3784279654,9.4853861892,0.7372490875,1
27.3015987926,1002.3947421535,85.9853159619,17.7383511574,16.3661720667,0.8677158031,1
27.0608094707,987.3196893014,98.9204221901,10.89646587,17.6227725199,1.0026370931,1
28.3076155385,994.7755308146,67.8097195119,15.8367817289,5.4863193286,0.6771106794,1
29.7618343374,1008.6178573101,96.5945756088,10.5523805038,23.5663712518,1.466654819,1
29.8544799084,1005.590283664,71.7779556828,10.776465929,11.3384401031,1.0568012625,1
29.7446190966,1000.8808939003,82.8024468036,6.4576474066,24.8010770021,1.0183296524,1
29.5094922877,1002.2230585326,87.8806296398,15.5372612598,10.8718368853,1.3101133947,1
29.4682892743,1007.3972165767,80.4536959544,12.5227444203,17.9992786156,1.2957926694,1
29.5600213673,990.1398547055,75.0233181056,6.4097290976,5.7188454759,1.0426446347,1
27.1461650085,997.7249978171,61.2200099976,5.5602228312,12.2038128282,1.0222432601,1
29.0799742124,986.4746308249,84.9156190328,6.2802119749,15.6270926314,1.1374299015,1
28.9043653349,1009.2755623839,80.652013932,9.8443470941,10.4166450252,0.5784563813,1
26.1014029737,1008.8794524403,93.4392048205,15.4396130914,8.4658864014,0.7502428982,1
28.1969066588,1001.437877681,86.4078950687,9.1990084542,19.7579383339,1.1117207462,1
27.6784002497,987.431929685,74.2389071461,16.367691657,7.3214528101,0.5407288023,1
29.421842336,1001.1097357814,78.9669531635,6.4675124098,14.4694354156,0.9338516492,1
27.5940189376,998.4755029416,85.4037460347,5.6795601466,17.5171983143,1.3564898412,1
28.6347745265,984.8880328124,62.822749896,14.6362891731,16.7155116255,1.0754741779,1
27.5526797048,999.2986465533,78.3301156197,13.1842518397,12.722052756,1.405350642,1
26.7831645392,982.0808390263,64.0311200551,5.2733273848,18.6601354683,0.8189756303,1
29.3795012439,980.6981580721,92.5787393036,9.2278216216,18.9347433073,1.3774720135,1
28.9402841752,1004.1044279116,71.2813829029,7.6615931567,21.1366947853,0.9126176769,1
27.4880723432,1003.2923888223,73.6321416101,18.9613598841,13.5798805475,1.2545428741,1
26.4124954753,1007.0765872004,80.2100948979,17.3968619916,22.9104645699,0.5108376515,1
29.6215279057,982.7386003036,72.7725455036,19.2509295058,16.4687577625,0.948445522,1
27.1728430868,989.8599363611,86.9007382431,16.2856179416,20.7923628559,0.9944203047,1
26.2302350401,996.4858664697,77.6612200549,18.3155627414,7.3413403286,1.2615106317,1
28.4728722533,983.0336802837,63.3642722446,15.5145369719,21.4372011858,0.5813487806,1
26.3393508563,1009.599187355,74.9708318302,10.559632206,23.9449715477,1.2533781853,1
27.5050383421,982.505021501,91.0858766371,13.376063746,23.1270877019,0.9926251043,1
26.0454145791,994.0598192598,62.2521310273,6.782268744,17.9842060423,1.0833687651,1
29.8486901939,991.2461173857,71.4284834513,18.0289869228,24.2644507888,1.4698788267,1
26.1726396478,1006.734293411,81.1080443635,19.8944719418,16.077085688,1.0230978442,1
28.5175945525,1000.8724606695,78.1816425907,14.4133712013,23.0231602098,0.7809631896,1
29.8016459363,1006.7079135167,78.2262701114,14.301988967,8.7624231945,0.853352228,1
28.3346244474,982.332039109,98.9757923066,19.7931611672,15.7219273269,1.3137950197,1
28.7389246902,984.8785081803,96.4370873798,17.3380586438,19.5143901678,0.9182430363,1
29.7309139334,1005.981916685,61.8087468042,5.3955046175,21.2110666156,0.6504168911,1
28.3765228614,991.4267256989,98.7965759126,17.631783847,14.3738631959,0.7734070719,1
26.2255019866,1005.9416712877,92.5160403652,19.9957650993,16.1086341121,1.4447657299,1
29.3985895627,987.4204430523,78.0217654124,6.9373912273,17.123492689,1.1717006844,1
28.4725129618,990.744881541,64.542303688,15.0735979339,20.4463678347,1.3521815003,1
28.2076273551,996.8281391461,95.0661441063,11.0522429932,5.5756535263,1.1203095514,1
28.8163190724,986.3889248453,65.4548590235,5.218169985,16.7983537371,0.937474922,1
29.616634778,990.4476640107,80.5595795664,16.7547951911,17.4417340046,1.4495206237,1
26.5882939237,1007.7976287549,79.6846517232,8.8736658245,24.6006515057,0.8287516103,1
28.5336034173,987.2043685633,63.0345331243,6.9331958287,8.0380538702,1.1408747448,1
26.7275203376,990.3700184997,95.8715363962,12.1094246039,8.446397424,0.5408686163,1
26.6757402523,988.357710171,67.0804193711,6.3305380064,14.2155753607,0.864269861,1
28.0136690834,1000.7118448589,61.5724855936,16.9911559836,6.635180639,1.4208724005,1
26.2443118394,988.3063294444,92.2480511917,16.2238953558,9.1869864667,0.9845229852,1
28.4730190861,991.0674091871,78.5013886453,16.212064072,10.0487388869,1.3952068377,1
28.0467097685,995.963404558,64.2868804536,11.7111855024,9.8494100727,0.8772841631,1
26.0802847911,989.6623749675,68.4579202799,9.9124602827,22.8105456148,1.1791023191,1
29.1566849544,994.9532659679,63.4768115235,13.0565981273,19.9087894837,0.6275803028,1
27.1351036232,990.892468892,85.8366896533,13.56167457,24.7303049759,0.7372267917,1
26.4071298905,984.5857741755,69.8383091354,7.4102205989,10.7019033739,1.3967654246,1
26.3209349826,995.7353416871,76.4158730796,19.7356792536,12.9571119809,1.3655071259,1
29.2682882838,987.7370848113,66.8355034956,15.0296482989,16.1352578603,0.7799790937,1
29.0779717328,985.6113124567,72.9471694562,11.3815465792,9.8481946483,1.1106200424,1
27.154522213,997.4371466427,66.174508611,12.2171015278,6.0364707364,0.6344146769,1
26.2534998819,1009.6988069717,72.894153799,17.1481166878,18.6300544445,1.0956387406,1
27.8863047542,992.3552274244,73.9547306617,18.9429371637,24.3005382133,1.2308674752,1
29.7533618273,985.436991985,62.6598506947,16.1168097394,21.8365755352,1.2952673119,1
26.8065092802,984.909678286,66.5706319172,17.2186208035,15.4613084954,1.3772005408,1
27.5697804297,1004.4979831842,77.5653963428,10.6541664414,11.0275574833,1.0027203901,1
26.9288507806,1006.9872371982,75.3556488549,13.1532929167,17.4847599183,1.4398321236,1
28.5108322123,990.0471684397,65.5708829065,16.9103778391,15.6692218395,1.2885972112,1
26.6066995189,989.3516620339,69.9395655926,16.1591943886,16.3977936974,1.3767656368,1
27.3683269949,1004.6377191402,64.4252694782,17.696784376,12.9457458112,0.6499174273,1
26.9170055809,1001.6675770518,88.8014614618,14.6172144933,15.854488867,0.8456959935,1
26.7263908672,1007.25351684,83.3356717906,11.0127712515,23.9456667922,1.086229832,1
28.0235547155,998.343627063,60.7244073528,18.0818586342,16.3026636718,1.4224993812,1
28.8289545373,984.5761712874,83.0515344067,14.1007256957,19.7288847125,1.4255685129,1
27.8033574856,983.3971413752,99.3936479585,17.5834712967,23.4168376523,1.0188380571,1
28.365101743,991.9700811161,62.1904655529,10.0279586247,5.0926404601,0.8981686936,1
28.1495824118,1007.5956684924,73.8538397746,10.2042980284,14.0443588178,0.9524395161,1
26.5634280815,985.2916095952,79.9347109096,11.2838817426,12.2478779823,1.1322642879,1
26.0523778264,999.9061211605,67.1214386748,19.416054762,13.2924824745,1.4968742518,1
28.0087800413,997.8615505196,62.6830590955,16.249407056,22.9610857888,0.6906877207,1
26.1461986714,994.1620083533,82.5936453305,5.9856295914,14.065776695,0.9407627469,1
27.6030522435,996.7892099392,66.2096098372,7.7289219574,23.9223092427,0.7707446731,1
28.575998173,992.2620251329,61.0154542264,7.3422889605,18.1784788382,0.7219721619,1
26.9242991864,1000.156782308,60.7884215102,6.5616287298,8.5708932411,0.738182781,1
26.397765571,987.29516573,88.8906772742,17.8354470216,12.9436705924,0.7049842954,1
27.172590921,1006.8900745556,60.5200769404,6.2826279628,5.5306440775,1.083041561,1
27.6856982024,1006.7801513323,92.6977424695,10.1272602755,12.5938481633,0.7680636408,1
28.4965956314,992.2823495657,82.0818872341,11.541897937,23.9690661392,0.6401131758,1
29.4738719036,994.6229359475,95.7820890758,16.9978288392,5.4493861664,1.0416342147,1
28.5339128793,987.736630563,65.5742429629,17.523953552,15.5138036461,0.7723073265,1
26.0735627062,1007.4289641968,64.7100433156,13.6477471327,16.0835600503,1.3297418037,1
26.825685087,980.3298748598,65.4754252028,18.5002796277,16.9482620434,1.1650366745,1
26.7014851145,1007.4323583778,76.7508209957,10.7470779237,5.9393193355,1.2380336164,1
26.3311946717,998.094563284,69.8139643873,10.8394342106,12.1134543293,0.7971217156,1
28.2656185612,994.281512066,86.5468466145,19.0524460899,9.2988075718,0.7622640443,1
28.3803117228,981.5427744045,79.854649888,13.9526427338,20.4182440749,0.5751377817,1
28.9127550248,994.8647394862,87.5360958571,11.5224100791,21.3820463535,1.1946964709,1
27.0885805489,997.7069200061,74.4389558776,6.3737310999,7.7363726184,0.946005773,1
26.7405317154,996.2570284214,94.9178334351,15.9833732961,18.1756673342,1.3491956516,1
26.9986720354,994.6827489093,68.8483776728,19.8150201199,5.7885362274,1.4252483174,1
26.7223013805,997.0383569166,96.6195319035,5.5091896788,10.9469801475,1.4710582452,1
29.7770659565,994.2264264997,94.4817060396,17.668240978,21.578309483,1.0962698785,1
26.9200353492,983.6170065733,63.0781280652,15.4443316382,19.4953354306,0.8152903378,1
28.1579651695,1003.7216949452,72.7501001173,14.3883706466,17.3172637636,0.5244007816,1
29.4803954956,980.6380823255,94.9880669074,12.9340570104,20.9756647155,0.8507118155,1
29.0687531557,992.0579274083,79.1950248122,14.4125819483,24.681669384,0.9177667822,1
27.6854280091,1002.1274690477,69.5510858307,6.657111697,10.7447798331,0.733607751,1
26.1683727585,980.536218042,99.5088955894,11.416597006,18.5929456539,1.449961184,1
29.1453800577,982.6823300694,76.7032310314,18.1867746134,14.348030225,0.6670339461,1
29.9646745045,986.9501510415,97.7092709654,14.7446997349,15.2537702203,0.676528032,1
26.8819448363,985.5931478643,91.1833789427,10.2518788875,24.3820526028,1.4277522832,1
29.9796312906,985.2168574766,75.8496807561,16.3735771356,8.0779181268,0.7244405718,1
26.8952704593,996.1092326868,83.7175973937,13.7012931176,22.5492172526,0.6295149213,1
29.5549923195,1008.6695449469,94.4851046906,17.1427411209,16.0171474122,0.9084532131,1
27.490754068,987.7926135128,88.9368045475,12.4381360262,9.403664039,0.5761308595,1
29.4048276562,994.8543958104,79.2234630931,13.8861167699,11.956184158,1.065731964,1
27.0681130807,1006.3588995907,91.8970408643,14.8767775199,22.3458840192,1.3370133284,1
28.7898858467,1000.4042231528,84.7444551286,16.2907495934,22.617415184,0.529247283,1
29.3032670023,983.8660960242,73.4047541704,16.1526238444,21.3593404824,1.0074677338,1
26.0255434869,988.6111439952,84.677076735,19.7177926704,10.1960716213,1.0399853797,1
29.1193815806,983.2094191648,90.4411161001,13.1189986801,11.8374433208,1.4320281055,1
26.410038912,1008.1168546171,87.515428892,6.0175558866,19.1634417729,1.0821704602,1
27.3835322278,998.627465533,61.8296813525,18.0730520923,24.3775571057,0.6300862401,1
29.0330527837,980.7376074938,60.8849420612,9.8541532872,20.4081483562,0.9459027064,1
27.0945066651,1009.9137350047,77.0472520894,11.7708053649,20.896190975,0.7207696128,1
26.3295241825,1000.4149790623,86.1804485712,9.098892905,8.0211578356,1.4436159202,1
27.6789092677,999.1557784299,75.9037759185,9.1132280352,13.1866801263,0.7299546059,1
26.8524188161,980.9340224865,86.066673015,10.5278951559,14.4641981338,0.6855255157,1
29.4744926718,1003.2979055838,90.8368737858,17.6717484218,17.5244064326,0.5325261795,1
29.6833913913,998.4995094356,91.861491639,12.2228352727,7.5037158441,0.9303058949,1
26.8020989068,994.7478364022,62.568357483,13.7295710287,20.9511820127,0.9552201491,1
26.0464821596,982.1734066338,75.6997422563,12.1990825208,10.8332515742,1.3601223972,1
29.1194039556,981.1885647605,79.2202778903,6.5739526763,24.7332518653,0.9988881535,1
28.4726229373,1001.0739491163,82.3859473395,5.1465627113,15.3542328677,0.8506269312,1
26.1328124352,982.3573549147,75.8769310481,6.9907363106,18.7892993827,0.7001502442,1
26.669930329,983.13703521,85.4572099817,15.5971358973,23.7242449249,1.0412963353,1
28.8362420778,1006.1290737124,88.5634772853,17.025921246,21.2965022749,1.3948166561,1
28.1903695046,1004.5189330989,78.0927313807,14.6536654279,19.6317904351,0.560352084,1
26.988412936,984.7863404034,94.8713426637,8.2882098104,11.7379158354,1.2896985071,1
28.634831102,994.9458714936,82.2145420375,15.7880266741,24.9266783211,1.1503256863,1
26.7981698037,1000.4068472729,62.8879363592,5.4597875331,14.2524591348,1.2271690698,1
28.9708260848,992.7648000334,73.8373997019,10.5655814448,5.8021838282,1.0786754086,1
27.7544616768,1001.7577298125,79.466757657,18.1013485712,13.4344185375,1.0923503286,1
29.6494533825,986.3198656702,84.9186633425,14.4734033014,7.6313537025,1.4090325207,1
26.7187324355,987.1262997477,98.8558037617,7.7146542906,14.845557129,1.3707499013,1
27.78122102,995.4445206179,74.369334776,13.8942627715,12.821630733,0.7581334327,1
28.6269466582,989.7557019267,90.9389250275,6.9631049108,14.0757908277,0.5734967473,1
26.6790316204,995.5932184567,73.4801270573,17.4332504882,9.9742854518,1.2067772169,1
26.6681676316,985.0285764887,61.4668570773,16.046030226,14.492617515,1.305670153,1
28.3414174576,1006.0481384154,68.2336484015,6.678794291,6.1417371218,1.4366056923,1
26.1573741627,983.6632974203,78.0879611313,19.0081252629,15.1446961738,0.648343201,1
29.9465204918,1008.9535608931,60.1975992374,19.2771767813,22.3583658904,1.0155960286,1
27.955386321,1000.0059277264,65.5860501903,5.4496038481,19.0936152547,1.1734324333,1
29.8796481844,982.8170214737,86.904084729,11.6562532896,8.5429957889,1.3381152896,1
29.7784568779,1000.4974408487,79.8869905603,14.267708603,16.4121949328,1.4309486955,1
28.7581070041,1000.2954015733,68.6270060959,14.8832820535,18.0246595408,1.1578453046,1
29.9976549031,981.4463611658,99.0869673689,11.1036194108,20.6477096812,1.2384492093,1
29.5140622452,992.1242096495,73.0813264625,15.0139007835,20.2457026955,0.9355833148,1
29.2713368647,983.6062716611,81.7795639184,5.0863799075,12.3292306974,1.1954672067,1
27.5542324051,993.4608086787,69.501765235,10.5987768744,6.4639184754,1.1682127986,1
28.477961384,993.904821314,75.1914312072,17.9500047436,14.5836375526,0.8412478276,1
27.5207824751,991.9646834269,83.2068947691,13.0040382009,20.2976652308,1.2181230762,1
29.8220947838,980.5469774803,67.8311194273,5.1134431247,22.960610979,1.4270345448,1
26.2410695612,1008.0330808042,74.0649074896,6.5213124267,10.1355313544,0.8072899649,1
29.2121035913,996.1748383003,72.4523079662,14.1550067497,10.4524800147,0.6218860933,1
26.7245973981,1000.433535619,67.2575339078,12.877450755,7.1375384619,0.7565627837,1
29.851707501,994.5063694016,92.239701991,13.2533981323,17.6630275119,1.1016118201,1
29.2767554377,1006.5261939005,69.123190878,8.1806725986,13.2205693961,1.4000231234,1
27.4136855172,987.1061167692,91.2210206098,9.1220905332,13.474765073,0.5955353138,1
28.4954372987,993.5530303621,83.464338527,7.5202131162,22.2559415509,0.5957145555,1
26.0945543442,999.2591450133,84.2837614436,13.2004611907,12.8181199181,0.9967668589,1
29.9511420809,984.0931925767,87.8057821619,11.0647815216,19.3519553132,1.4912559937,1
26.5135771578,983.1232894815,88.9735526851,13.6758037551,6.5883873798,1.3941908747,1
26.7674692989,989.7011468635,69.0662560891,10.3249445875,15.3811958182,1.3003565078,1
26.9348483276,996.2003574381,95.2031635025,14.7631605357,11.4866750623,1.1694869552,1
29.9765574449,999.8551756955,82.3113366948,15.9597576536,6.202846852,1.4576252845,1
26.7012117694,1000.7001467246,68.0373475464,13.0374152671,14.0074187252,0.8475715242,1
28.6596468979,1003.8634988237,97.0871127792,8.5196312278,8.0483202666,1.4270009679,1
28.1598285211,1005.2609988313,80.8383190909,14.35378532,20.1054084099,1.3260676303,1
29.1281123507,1001.2623409323,61.446415221,9.5469253392,12.2027281494,1.436957823,1
28.2152089628,989.1657293197,75.879260683,11.7080381076,15.3135885539,0.9969634829,1
29.9686320593,1005.5427487324,68.3404205743,18.9589282197,21.3489941698,1.3779743204,1
29.4722267604,1004.1777620035,91.6012174523,9.5701870865,13.0596035753,1.1949510889,1
27.3843989062,1009.2683060258,85.6388830938,17.3372084545,22.2402896455,0.9870619188,1
28.425011751,1002.9442940271,66.9935450904,12.538491147,7.9274798432,0.5681723094,1
26.1032476278,984.0549886746,98.5246044636,13.2429430384,13.6499575666,1.0061418628,1
27.7580467545,983.1699405279,85.6330525876,8.2405727376,18.004021848,0.5613496271,1
29.1230463443,993.7940127131,62.3265518202,19.9229947575,18.9007045772,0.7391801042,1
26.5689974747,983.6415481827,72.1310059027,6.5156871652,6.2458359626,1.4966968539,1
29.255881078,998.4565831469,72.2501448315,14.3584375444,13.5216676778,1.3866042152,1
27.7991385953,985.8386753546,74.7103740351,11.2119462879,19.6722876112,0.5110312644,1
27.6646159927,994.4403245491,60.7676910729,8.8971981312,7.7421941146,0.715201872,1
26.0484830986,987.236043728,99.0349501964,17.0230566782,14.7570808785,1.047959489,1
27.8175093382,1005.3307124822,63.9233032314,12.3236170553,11.4935185378,0.9760181294,1
27.5035531406,991.8342883571,78.3778707362,16.7752481576,24.1066937301,0.8154068957,1
28.7525388243,993.1280937217,70.1868248818,17.6130736914,23.0352398427,1.1372014768,1
28.6374156888,1006.8535322212,85.4667872867,14.2090037714,15.3681604389,1.2374337687,1
28.0488876833,1000.4068333763,61.6669160241,6.2718802407,6.44168672,0.5121084752,1
29.8260055932,1002.1252507838,74.1300563401,9.4480337193,20.4930706236,0.6851955679,1
26.6964373413,982.9518694914,86.4121087881,16.4655899333,5.4188992206,1.4678600348,1
27.1817791099,1003.0766944352,84.9865427542,10.7290945948,7.4277283632,1.2746337806,1
28.5756170142,995.9090639975,61.6780489373,19.5273316639,10.856440734,1.1018815896,1
28.3296906328,1002.4421953829,92.4707915236,14.84717911,11.7653501199,0.7246156118,1
27.4886680954,992.9623064883,77.5761995878,14.1940937374,9.8138542367,0.6974704899,1
29.5476996008,999.3743243797,71.4362715696,17.2392040845,21.9302867738,0.7522410202,1
29.020167715,993.8161849182,93.6799421156,15.9273601574,18.1232367536,1.0450269189,1
29.9386789581,1008.1216419949,61.7269494319,7.4722222359,19.5195981997,0.7135113663,1
28.0234107718,1005.2210908403,89.3120617907,13.1335580824,15.1672109383,1.0650219929,1
28.7555412082,1006.1996874758,85.4516541592,16.4168230556,14.2311494884,0.7466788645,1
28.9058468605,1009.7542985405,63.9671239835,11.0224147379,9.0807126926,1.233071296,1
28.463941801,985.6407420385,74.2153827474,16.7568767673,5.1045922709,0.5353113549,1
28.9829351309,986.074416805,98.3229392048,10.5191112695,7.9777610066,1.3766507618,1
29.9853373505,991.0492859152,77.9444252382,15.831064073,16.8608866837,0.9126218408,1
28.782472586,980.0965479081,84.7835734984,10.3323951566,6.8598127965,0.9809728899,1
28.5693021036,981.9456078345,83.1993514971,13.4222688194,17.0697533319,1.3049889997,1
27.0792828805,1004.7514823054,79.9302272905,6.155874187,11.6847663739,1.2076809347,1
29.1544598587,995.5180716932,77.6079599182,7.2117879006,13.6803873235,0.7206119527,1
28.3929011763,1002.0698934272,99.9339004557,18.9966999702,13.4249610659,1.2856516181,1
26.4733447637,992.2971466909,93.5920914254,10.757494279,16.7553872172,0.8622354417,1
27.338045155,980.785901256,60.9676705557,17.4754556551,15.3615753248,1.4406792451,1
27.0371870355,992.8897043822,94.9092100194,17.6290035019,21.0528661959,0.9829688721,1
26.5339198897,982.4180454127,89.117572279,12.4469172853,19.590164573,0.6589081677,1
28.4409005979,984.0606224683,90.0550034412,14.854327344,6.3791603271,0.7821870747,1
27.0468227349,987.4093639722,96.2501832208,8.7431929977,20.1879652484,1.276710557,1
26.2614646303,994.6271358102,61.3445440073,5.9397980518,7.7849074224,0.9110956026,1
27.389373305,1006.9950003706,60.872935871,14.9568452926,16.2033636692,0.5522578793,1
27.6751732763,987.8047337289,89.2328385992,19.7194563575,18.0834920295,1.0653302546,1
27.8557299468,1009.160159889,84.3410909079,10.2425955813,8.0249365747,0.7509666613,1
29.4024642314,996.8366836485,80.935636455,6.721533078,19.4562860642,1.2078350972,1
28.1741528694,982.4517603724,78.3320256611,12.270444307,23.91396294,1.1690223373,1
27.849182244,992.3529662475,86.038938686,13.1814780411,15.2500529754,0.9592398776,1
26.2078263102,1003.5883459815,68.0545512854,8.8793125233,11.6043012974,1.0193858595,1
26.8195250966,1006.3349023446,95.1832741981,18.0586763757,14.0247868836,1.2720124763,1
26.1086696849,981.9561377378,78.5572550725,18.6383030879,14.9562501607,1.1567801047,1
29.2884126424,991.4126002252,91.024474037,19.4671498085,15.4665926239,1.292854419,1
28.3103734635,999.0374725265,91.9165663846,10.9395570899,15.6605773449,1.1958991182,1
29.1730454018,989.502850312,94.28717028,18.5921488215,24.6704294543,0.7020156684,1
26.736899357,1006.8196913002,86.171702093,7.2815642483,17.3059605014,1.3824163684,1
29.2144141418,995.1562032073,98.6850646104,11.2664146891,18.3583999761,0.6659548953,1
29.5277110332,992.8246906376,66.4893362313,5.1891127996,15.5479924425,1.390258053,1
26.3176263386,1001.9448947102,67.4964777639,17.8726557974,15.8158750997,0.8143501132,1
27.8846715957,1004.6491069313,78.3706078869,10.3669739799,21.5649850487,0.6737615931,1
28.8480560813,1004.7793463813,64.0254991409,8.5981116913,11.9588282316,1.248826337,1
28.6045903395,998.6278570244,74.0949978644,17.6217132963,24.5820987603,0.6262647416,1
28.7047102483,989.753120463,87.4530878674,6.0446172224,22.1147451781,1.3370411252,1
27.1171043538,999.2864573018,87.7660229404,12.6898212972,9.2528875274,0.8039464012,1
28.6126511621,1008.1491445535,94.8481792905,16.490971648,18.2996980695,1.4071950307,1
28.6829292476,996.8132189294,64.4395787685,11.7058331571,22.2912721905,0.880400549,1
29.907201314,983.3216177998,76.9019371325,5.6303701276,23.361531044,1.3583416768,1
27.1688729218,1007.3231048493,90.1584761439,17.0736016526,24.2562071415,0.8047510954,1
29.3175786594,988.4456359524,94.9101535826,6.6887058562,15.8139695329,0.7418938283,1
26.0496161451,994.0630389639,72.0506104304,13.9753622645,10.9983822301,0.548142836,1
29.6115799808,1005.5679162317,86.7121873291,13.8983235516,8.7066035906,0.7395101699,1
29.1783131148,981.0401080018,83.3122734033,19.9315627429,15.4289137809,1.3313735144,1
28.3959140327,983.4479899118,63.7542913929,18.6444022915,21.5857359863,1.071772352,1
28.069785407,992.9128223096,72.6778635116,11.5189394129,17.0384686203,0.9433800144,1
28.4283583149,998.9392265928,83.6678864923,15.5395065963,15.2472755509,0.8845113276,1
27.9506682745,999.5667277864,98.0212421034,14.0097659982,15.1253211899,0.5709322161,1
27.0175663234,990.8555927962,78.8997342003,5.6847311825,10.5362861558,0.8313470071,1
27.9281642324,985.8829313822,84.431202843,9.2102482327,15.3314525689,0.5076640326,1
26.8762752364,981.101640875,64.3210301652,10.0829097401,16.4409728674,0.7934888232,1
29.7270148777,991.9104512371,63.4837106718,14.2559977418,11.904462856,1.3742225247,1
27.9741863214,1001.067762981,99.71267356,6.9723367985,12.891521512,0.9110210753,1
29.6304440102,1001.420979334,84.3162085636,9.6405907679,24.1012102297,0.5015651052,1
28.5456054807,981.5340614433,70.3042888133,5.8928705052,18.7317982699,0.883838883,1
27.8249460358,991.0715906528,64.8410000194,11.2842168528,6.4201532907,0.8547712918,1
29.7669028465,1000.0571794017,87.1467982669,10.4287998626,5.2026236806,1.4132869476,1
28.4502938734,1006.210957804,88.9589222186,6.8083762461,6.3288768871,0.6421371238,1
26.0468264429,992.6610278038,71.8016283062,12.290007407,5.8747814462,1.0586423965,1
27.3726694127,1001.8752046265,86.0916659437,17.6840654448,13.5986215478,0.7753811743,1
27.2252539951,1003.6695547976,77.8567806561,16.9757051078,22.1512467532,0.9309852205,1
27.2754672733,997.4659623978,74.8468969375,14.016112502,18.7681003698,0.6668602017,1
27.7221173538,984.2778243225,95.6038814074,10.1881619111,5.5089551981,1.1369023175,1
27.3624166663,982.1513566654,76.3851557958,9.668262426,17.1155849891,0.7178925543,1
29.9521438646,993.6200486359,87.5309694312,7.1082945137,5.5507343974,1.4640174071,1
27.5368268519,981.1698803772,61.2382316368,10.8198013992,5.4670419266,0.9585230089,1
27.1569790879,1007.0024954905,64.645558408,19.3387824343,22.7680734462,1.3267073597,1
29.9360526528,988.6521631346,98.4454194163,10.8422284235,11.8077420851,0.6541450432,1
28.2148459414,996.2511443723,90.4760725042,17.5047494291,11.046664987,0.6946238367,1
26.2305903288,990.273439365,70.8099076852,19.496260788,11.9455407806,0.6391967013,1
27.7761749968,998.7870296426,79.5559132717,11.0266820098,22.606295243,1.0693773612,1
28.4826419193,986.0393632347,75.8055097306,5.5918929934,15.8604916792,1.4640288472,1
29.6378184437,1001.6642970637,81.3354651506,18.0495373947,20.8101958855,1.2942106625,1
27.103070273,1006.3127174306,97.761683753,7.2319395411,24.6197475633,1.3635475225,1
28.3549260885,991.2598972376,71.431342221,8.0483463663,12.7308101365,0.99232548,1
28.3091161169,1005.9673143687,99.2295737433,11.1137631286,20.2905558931,1.4560471436,1
26.8018980621,983.2779263093,94.1584786782,11.5872472495,22.8618041039,1.383464763,1
27.7932762215,995.3129746701,85.0637004437,18.895739101,14.5368693664,1.2227069577,1
28.7701297261,984.0330538822,71.9758235349,10.3807328813,10.5751974483,1.457448019,1
26.0354531405,1009.9346256705,87.0728519543,17.4270394917,5.2863055533,1.334144597,1
28.9619045278,984.285508619,90.1371168903,16.5338417316,20.3223186559,1.1136041142,1
26.3544188559,994.62883429,63.1059733869,11.1131454655,6.3201968828,0.6109980988,1
29.23294084,1008.4306407789,62.8926590103,19.3267281094,10.9913135591,1.0006242681,1
29.178062178,1001.212594318,62.0090404586,6.0935275305,10.905809881,0.7810044989,1
29.2139309732,1007.876841609,76.2041077811,18.591665032,14.5287397269,1.1404760422,1
29.9159244607,998.1047928813,74.3125633645,14.7172616899,22.7731816053,0.949349742,1
28.3434591538,998.7435158837,62.8710322491,15.2392583184,19.2790526501,1.3039585076,1
28.2100038696,995.6050967693,65.7150384536,16.630192256,14.9339084564,0.633828363,1
28.5182307876,981.6299610447,89.945809365,9.7638019289,15.2225827847,0.7761695578,1
28.8279059498,981.8806886487,93.5735396942,5.0572988399,19.818081123,0.6018923881,1
27.4409356752,988.1117985915,93.7084760864,9.7002187638,22.8374428962,1.4099431439,1
27.5092722159,1008.9223524947,63.571580981,15.3052889975,12.7529761091,1.2038570916,1
26.0174530786,985.0085926624,88.5218420254,14.9957812037,20.220755805,1.2025405015,1
27.1922088346,983.1609476675,91.2729545338,14.6622383221,12.201009318,1.0004011457,1
27.7309165441,993.7309881548,68.3553089602,10.530607563,6.0471004037,0.9165044319,1
29.2887195473,1005.5104400336,68.4797621879,14.8603022326,22.6031347584,1.1778132003,1
28.431008489,988.8590443272,65.464036146,14.7745964072,11.3125468753,0.8951309076,1
28.8528275331,985.9764582468,95.6086001054,9.311143947,6.1618390416,1.0158619027,1
27.0703707069,1005.0644067723,60.5877355462,10.6864107301,5.3865526184,0.9136426749,1
27.9714583378,992.1286924176,81.2375071365,13.9269751236,14.2819031891,1.0190322801,1
28.7101690698,989.3559157375,90.9596551261,16.5938222281,24.5202764656,0.5169476649,1
29.080632847,1004.214666121,64.8082891648,8.9837424944,10.8661722156,1.0179605277,1
27.3923823727,991.1521788472,60.0541450286,9.4970079135,24.4838888763,0.5235949646,1
29.5942424187,1003.495952399,91.2150449428,11.8699363851,11.0583145767,0.7282353635,1
26.9864145399,994.5223120913,89.8977762639,12.107147426,24.1557960198,1.2851895431,1
29.9653116063,996.334469984,98.5107340101,6.1340756093,9.5076253601,0.6408029489,1
28.4896545663,1003.4396556724,83.1319359768,7.2044406438,17.7190941433,1.1741302955,1
27.039619917,990.3557662548,96.6994337253,9.3575675851,22.8028227479,0.5622032262,1
26.5892121771,980.2352477232,85.2368716092,11.7151013812,24.1586824211,0.7418932941,1
28.0024142846,1000.3886099821,63.0495687189,9.1205572257,14.1932974081,0.9328160022,1
26.1755997706,984.9724933946,77.8216655497,8.1377819811,21.872993281,1.293142874,1
29.4151396868,987.2593139095,98.4250790205,7.9538855668,24.8963858793,1.4811437318,1
28.2781591183,987.7862534953,77.4798354266,13.9034140307,17.4468652923,0.6901076498,1
29.1703804652,1007.2369638134,97.7480637128,19.4020340661,24.5461581598,0.6616714362,1
27.9076004259,1001.5499352612,69.8936126328,14.6092277532,8.2539948762,1.271626911,1
27.9955826581,980.3630935033,60.3615387632,10.3554401596,9.5735355921,0.7220758707,1
27.2866799586,1005.4412626881,89.1544576908,6.4309891597,5.5833952729,1.1624340117,1
26.4740104944,988.6665481673,75.9134650201,18.7929653698,5.8982259799,0.8717240664,1
27.5698327449,1002.6279492004,96.7370572858,19.2639289175,12.142423186,0.7510013833,1
28.2562961153,990.7573538457,86.2652429483,8.6059836934,23.3647817335,1.0059579077,1
26.8834111319,981.1678988998,61.4407527317,7.6283265816,10.6495748795,1.081622293,1
27.7464567591,997.4026650401,80.6679354091,16.3816438064,12.061007832,1.4464565132,1
29.5702329099,992.5834398187,91.2146201203,12.1450359995,9.0936021811,0.6861358978,1
27.3262587963,1005.6509060486,68.2830323684,6.0673742776,23.8156904101,0.9094120718,1
29.243514324,1005.0747778373,73.2876413246,15.4042708621,18.0930137373,1.3758830835,1
28.1563782109,988.4741727911,77.0091274175,5.563566356,20.3109350103,0.9165658285,1
28.0900407243,981.6390326,98.9231265189,8.3918799687,11.0788502451,0.5014738221,1
28.9173791764,1009.005364994,68.9717393314,14.9457078771,21.9685075818,0.8029309056,1
27.3011805361,1001.378639993,92.6711786602,7.7242095163,23.038803935,1.4848584028,1
29.0169930387,991.7958560308,83.6255133598,14.9152138137,15.8899391821,0.667321304,1
29.1225268697,997.5131834154,98.0888714279,5.6363344731,17.031077586,1.2144241641,1
29.0360211301,983.075478922,80.5541785683,12.6333583339,23.6584972514,1.1972093819,1
28.8573065429,993.8514843144,96.8397808439,15.4189314088,22.2338180757,1.3070709039,1
26.7809624118,990.3602585673,73.4244181708,19.6778820258,19.0233972318,1.0620727944,1
29.7883626684,994.8877625865,75.2207083948,7.445530054,19.6888786415,0.525193414,1
29.3559893109,980.3425395036,88.1479911852,19.5538566459,9.6994680999,1.317128142,1
28.1857212643,1009.0110582577,62.0667488663,12.5719339746,22.252809423,1.3000034818,1
28.2108283029,991.8966104597,65.2686011432,17.9794363836,11.1957571842,1.3714140342,1
28.6908119768,1003.9004419158,70.0187159517,14.3731114941,21.6566075358,0.5121567715,1
28.6960796762,981.5550739736,81.9543466031,9.3144909357,12.059170069,0.8340499657,1
28.9307962024,992.1358215672,62.7341280124,16.7563976373,13.655337592,0.8324561571,1
26.2263426246,991.2176314104,97.7779433078,14.6260159595,17.6456430728,0.9183338641,1
29.0037591935,983.0411869266,71.1141110436,9.144786627,24.6073748188,1.0187009944,1
26.717458728,1009.1202963623,64.5321401891,11.0540150354,19.0910885605,0.846524168,1
27.5904495142,987.9282878948,68.2133175483,12.2455954634,10.7492332979,1.4685373317,1
28.4145488022,982.3093840119,63.0233445542,19.2713483127,6.8413397216,1.1236487783,1
28.5940192805,988.0220608357,60.6044273686,19.4752305418,18.5205257611,1.1100074171,1
27.2516295769,988.1328876129,83.9067313081,17.9914345042,7.1181160881,1.4447362588,1
28.9461409133,1006.4898147449,68.1053053654,13.8137880666,18.6022377089,0.5153948917,1
28.3317042272,987.5930461754,78.0101698457,19.3637152263,21.7960321333,1.172460498,1
29.9080278178,983.0567930262,60.3327976891,11.5037418895,19.9676869935,0.9340209727,1
27.0348465686,993.0320995702,88.937912714,5.1358124237,17.2658336977,0.74202208,1
28.8562108935,982.74174459,67.9708134587,18.1620506998,5.2749110802,0.714406483,1
27.0832253121,987.4267931084,62.5010518297,11.884107749,17.1346344943,0.5811491785,1
29.8059628407,1005.1547550153,92.2036127398,17.3447570756,15.8850793223,1.1167836079,1
28.9715259747,1002.1375218006,80.8579609667,6.02688079,23.4153321693,1.0383319433,1
27.0754140575,991.0534675975,95.8138435661,14.9969457129,14.0869084614,0.7483836087,1
28.8218433211,992.8280400111,77.7018205926,14.7398348687,6.2801269322,0.7923831104,1
27.775677818,980.6573998633,72.0418431134,12.5394686395,14.8219145877,0.6053932181,1
29.0577629123,992.2901316013,86.206948581,8.9035489698,8.2092522854,0.6856467049,1
28.65687754,1006.4507183553,92.5650274236,15.2770146481,10.7837489259,0.7499569464,1
28.0600226388,996.0666144464,74.2754390068,10.306837381,20.7858569664,1.4137884439,1
29.811260068,989.8022762609,74.1769979517,12.5845123013,22.5263886628,0.8927307433,1
28.213484759,995.0939741765,67.7545227175,17.8822515675,21.758167497,1.2483558537,1
27.756842405,998.3164026505,66.4146162448,15.1046812621,18.8789918102,0.6175513002,1
26.6611379606,980.0597640566,88.7495847141,15.9860157359,8.2272560211,0.5191289664,1
26.6629927079,1006.7256660495,69.6614736681,10.3140699083,9.447226095,1.1077526831,1
26.9814092567,981.7319647768,75.6413147651,8.5130505639,24.1972560543,1.0568784432,1
27.6631004141,992.8683300029,81.6362001535,15.4464471055,8.4338781541,0.911958095,1
29.4821078651,998.9425676366,81.3001626566,6.7309196327,7.3440781136,0.6428419648,1
28.7682945881,986.1875634151,75.6743749275,18.4351216643,15.1561012792,0.518124041,1
29.1710324543,982.0713771894,78.9702008391,13.4101744241,18.7726325862,0.5099787767,1
28.8937746494,996.0696979804,93.4447081283,17.3208254435,14.7018931996,1.2915582026,1
27.8051764521,985.5032658921,94.1989607825,18.2383981516,6.5139945462,1.3035376595,1
29.6070961142,986.1041822749,62.678944481,18.160256797,15.8352192854,0.5665647279,1
28.5932720298,982.2231626772,75.0187571387,17.0572181779,24.9436470781,0.8211621526,1
26.8804453036,990.5156160286,74.9013309504,6.0307051659,14.2847703948,1.1567294847,1
28.8350626209,980.2509104563,68.7066959832,14.925264326,5.1062695134,1.2728095733,1
28.193676652,981.9938997733,90.6606019813,13.755703816,20.0349398479,1.0180080664,1
26.5612980728,1000.1347242014,84.8189514021,16.133797808,8.899503998,1.2499777985,1
29.6329139548,1002.7614596349,83.8862122396,14.8119910554,16.5761350902,0.656476716,1
27.8956848805,1001.4919133588,70.8377079327,8.0338127079,9.8300125599,0.9248508429,1
29.6313540555,995.2117894022,67.5168152326,6.1545750407,12.6559752887,1.1595107686,1
29.1849658022,988.1583811826,87.6943568984,8.9609297704,17.7274856307,0.7695118623,1
26.7637063403,1000.8392287668,68.7486245199,13.9295489889,18.2393788959,1.2780252431,1
29.0434053237,985.6316721708,63.5353978794,15.4842324273,13.6469245281,0.7595764493,1
26.1347056155,1006.375573178,69.7358673287,13.3600575436,18.3369478261,1.397919187,1
29.5524727557,989.7587185509,96.0384358276,19.9423651025,21.8974269551,1.0767023989,1
26.2690236559,982.8475381047,99.9557044813,9.8995887414,21.1333010605,1.4976282974,1
26.965985941,981.2105248058,76.4476607198,6.9512100474,12.2085365428,1.0661806912,1
27.2511119568,999.6302601648,69.2807272124,5.2157216911,17.4748616973,0.5389380167,1
29.3484785113,998.5857860011,82.5358140285,14.3692107217,16.7387301312,1.4906791571,1
29.0269206683,993.2688141635,88.2958800013,10.8384570754,16.9370375378,1.42913952,1
27.3676211124,995.8303239867,68.4654359428,19.9344666425,17.9901785941,1.2151001613,1
28.3726328762,981.6004399097,78.1905737021,15.1217945325,12.4624523684,0.6673570322,1
28.0014377849,1000.7265192965,87.8854322357,14.7295843515,8.1241313737,1.0993021161,1
26.7174240412,1001.1541743671,78.2068796693,15.016408874,8.3945685715,1.2791025864,1
28.4387897006,1000.9891870887,93.5261989995,17.0421640224,15.718701577,0.9018871999,1
26.6147641714,997.1782169865,71.080500973,18.8196126832,16.8568036102,0.551989352,1
26.1269750615,992.7000543246,63.3826151239,14.1027043331,22.6582963304,0.7112318315,1
29.4519873254,1006.5828030594,67.8661433981,16.0613912866,21.0528062471,0.5300260053,1
29.5894634632,998.678916008,98.9353047666,11.9751427629,6.247881372,0.5670165378,1
29.9013725339,1004.5092172182,94.1018968498,19.0694784715,12.7119518503,0.7107931016,1
26.9174631082,994.0732163314,70.7424866981,6.5146716023,7.945511271,1.2592925069,1
29.8710458611,993.1922145952,71.1347392665,16.9743979581,10.9876674741,0.6296789782,1
27.0258522441,990.6595924542,86.9597683258,5.9384726333,21.1804728058,0.8426451465,1
29.4586356874,984.6477593343,63.3094734247,12.2680699262,16.2681672897,0.6371484882,1
28.3227963382,995.1652628117,65.7631514405,14.3599772829,14.7566863709,0.9595840572,1
27.2258538722,1004.6714363356,62.2791490799,11.2791091238,19.500121526,1.1672123372,1
29.1081971426,1005.8660892098,72.5550198689,13.0703405805,24.7890226193,0.8714672626,1
26.7806660689,994.6817761222,89.6656580734,12.3885360613,21.7646084216,1.3597946748,1
27.6272192038,989.8469931704,78.159596448,16.4367043801,8.9283843174,0.6754916274,1
28.2709092717,997.3794339999,79.584978482,14.6711787287,16.0532453555,1.1616672596,1
26.5648941735,997.1263225052,67.4108142153,9.1796459467,8.6567555974,0.7857075677,1
29.7084951275,1009.0977957604,82.8504187975,7.14501684,20.954645267,0.5870172183,1
28.2271396437,1005.3536255449,91.8370554857,7.626847102,9.4100852687,1.3740717733,1
26.998675811,987.8974203955,60.0261356305,18.0600355119,17.5465787018,0.6520485674,1
27.8332943784,990.5365816205,63.7510610503,12.2919572782,5.801182381,0.7075409362,1
26.9525866147,1007.2530365564,78.7227621694,11.9944911941,8.0898440801,0.9299852141,1
28.3876427622,1009.9867310975,90.7779557633,10.9679855453,8.4141672662,0.7044483725,1
27.3616462245,995.3174227238,84.6051656216,18.6590857582,15.0255128925,0.5349115527,1
28.2046398477,993.1453583975,93.5672157992,7.4101937707,13.9807753586,0.5496143733,1
28.8983931474,983.3477899987,84.3327800003,9.2157462525,12.5950304584,0.8920935769,1
29.0030785968,983.764588904,90.9108567866,8.5539998736,16.3156310968,0.887322518,1
26.2646607553,980.5746645665,93.0743424389,12.8710345649,9.6885120002,0.5301038722,1
29.8459692983,1000.036037201,97.3282035104,8.9824461114,18.5699993659,1.348109235,1
29.7886458516,1006.5456535309,89.5626790376,9.1619701959,24.2672064089,1.2160499732,1
28.8249846502,998.6806862285,99.6043538435,9.6781915365,6.5787880589,0.7610485262,1
27.3735468087,1005.0371537077,97.4193805411,7.7859960801,23.5726112423,0.5923605281,1
26.6511639568,997.8563850238,66.0188908402,19.5211457218,15.030359207,0.9709602524,1
28.6476545305,1002.5353141086,90.1547233084,13.6683666904,21.3481569461,0.5556055217,1
26.0275118489,986.3734183159,86.5409437565,11.1679623332,22.6917377646,1.4091752641,1
27.2555123061,1000.7316743822,70.865327251,7.8591474961,11.8421524173,1.3309491711,1
26.4795643739,1002.0477754219,81.2581965676,9.3191801401,10.9988413955,0.9338439229,1
26.6576221163,983.4974922367,81.8678272829,18.5361954993,19.6600021445,1.4315549143,1
29.2839240692,996.9981577672,86.2812199294,18.4757969988,11.5358941172,1.3265510742,1
29.2039228016,983.133635543,83.0742952453,11.9597254725,24.6113645412,0.5672341801,1
28.379389518,1002.166000314,61.2977378419,14.8807645809,7.0653001775,1.0679742973,1
27.1854304541,1008.1494718595,92.7496091794,19.7535080977,24.394472656,0.8475187953,1
26.2013981079,981.5829577358,87.6804502379,11.8689349165,17.2794061265,1.0776317543,1
27.4368349879,1004.7065667984,92.8278464307,12.1602559718,12.2511959312,0.8281794828,1
26.8362374948,982.5406502563,78.6677248354,12.2319814838,9.4247739289,1.3084057389,1
29.294494443,991.5383322794,78.3649609315,9.5492883627,7.3728753148,1.1838664518,1
28.1262886107,980.9797718235,79.0238476729,11.116221575,18.12819207,1.0621888111,1
28.8590131058,982.053513577,76.7066798327,6.7453772775,23.7696431643,0.5768030483,1
27.4186648199,996.5199013832,76.1283102453,17.5046601571,17.2366204021,0.7553363738,1
26.4234972729,990.6469305046,76.5269006883,15.1373438766,6.4021627928,0.6817788672,1
26.6272508213,1004.8190644921,61.6766086687,11.2877431385,22.5866043136,0.7313806364,1
28.0097091487,1001.9445907911,98.3247203568,8.3066900637,23.6860822833,1.1354143569,1
28.5192826177,992.0963189955,90.0959152922,12.9694102753,13.569158077,1.3244715176,1
26.5857450264,1004.9878914672,81.6118612716,17.6699886364,12.5808097077,0.7511692675,1
29.3768493011,994.5206171753,80.5638177021,9.6270242223,11.5042239255,0.7719986053,1
26.0255161736,1009.3506436117,98.6298883928,10.9273294621,11.9161219682,1.305430043,1
29.7870249788,992.0063682755,91.3319193182,8.9889267595,5.5153919753,1.1595059817,1
28.7521822283,983.6116273637,97.5411913389,7.7177491858,9.4535215825,1.0464585417,1
27.6687736743,984.8067680293,66.8374560968,11.2721718224,22.959292937,0.8931039076,1
26.4009822549,980.497774419,86.4687473058,14.0367416295,9.6762566619,1.3349472057,1
29.8987623842,984.0637861038,69.2590085506,18.0261428592,13.3925476561,0.5393918337,1
28.2957994643,991.7868532668,61.1460971031,13.7487858847,20.747439163,0.540258003,1
28.3534088839,991.930532433,98.9520165343,13.1629799376,19.1887772927,1.4042432914,1
27.498887882,996.4960568833,62.022924153,11.3918185693,21.1129761073,0.726079071,1
29.2692212489,1007.9119526051,63.8144368509,11.7508795914,22.4137691091,0.7111259426,1
29.0098733503,981.5388154694,79.7014152286,11.6316055202,12.8914463064,0.6613673584,1
28.2879835131,1004.162969879,90.4064371916,7.3084985704,10.3634873549,0.9084555814,1
28.7187888673,981.700412965,61.386908169,10.8786584442,8.8687068591,0.7598281379,1
29.5443444353,1006.870698328,71.8914881713,8.4499063094,9.8106317036,1.3260646845,1
28.6923685236,1004.7305134175,75.8796864883,7.3447545606,12.2094901028,0.770643942,1
26.3249185392,1009.7774538646,66.2480603172,19.8263149095,20.8763620782,1.0778070503,1
29.4644061815,988.6831856486,78.7072484994,14.2908495405,13.5497290818,1.0642318167,1
29.4022981121,986.0458513402,97.3773215501,15.3363148062,16.1238138526,0.5162003973,1
29.2735216991,981.2041657726,95.5965350545,19.8794412086,9.2063711257,0.7530263409,1
29.4622495327,983.0852777647,65.0382078552,19.6872733265,21.9377444886,1.1764837495,1
28.3769673092,998.0945036037,87.3012983815,13.6303875969,10.5184538876,0.72627243,1
28.7694172246,986.9999846795,85.0132067982,16.2061740069,6.1988660172,1.1059969673,1
29.3977856249,981.3499046371,89.3660503617,10.1197796893,23.5771909969,0.9653369339,1
26.054729659,982.4479616001,70.3436636454,5.4177836123,13.527967136,0.6746471859,1
27.1837281177,999.9147342456,98.6121089452,5.756251604,16.5376240262,1.0002785352,1
26.2775763436,982.6963055521,84.0364802264,10.1143785715,13.1318107472,1.2147188335,1
27.1734136858,995.7641092207,87.9133114202,18.503961668,18.5272213575,1.445924644,1
27.18329639,980.0333628259,70.8781823759,8.2683706944,17.6742319953,0.5162434432,1
28.9151122178,989.7059123746,86.6022395603,13.3486764275,7.6915253421,1.3315183331,1
29.6735901683,999.4936414029,64.1373645944,11.0304082533,20.5964176802,0.5000307188,1
28.8485481835,990.6978852796,70.1792532647,5.1934620468,22.0230147085,1.0657449506,1
28.057845311,982.5516915647,81.9549120617,10.6996861845,12.7745269575,0.5949652752,1
27.2596737784,982.8993450286,67.075878033,19.8100423787,15.6374353301,1.4955689005,1
28.3308577974,1004.3742146313,73.0776409735,9.5861593617,18.4501452535,0.8152394346,1
26.5328396965,998.971887694,65.1330344876,13.6773876234,19.0122299279,1.3728594216,1
27.9998359679,1001.9074756859,84.7669094146,7.799599097,10.6908277135,1.1171059444,1
29.399837322,985.8873715012,65.0219915959,19.4521992121,14.5698214021,1.0413744209,1
26.3441286281,981.7108074201,64.2193370984,13.7838152581,9.6748158407,1.3200675021,1
26.1663158394,994.9438983064,87.5724164841,8.784678906,17.2727580598,1.3099244203,1
28.3325208764,1001.9066515327,74.5928988083,14.6144829215,8.7987227292,1.0564646373,1
27.4344863278,1007.3401757024,60.8373647131,9.7365972687,20.3305463244,0.8313522187,1
28.7026516088,991.8781167859,90.2501516569,11.8127549411,23.6945983098,0.62044734,1
28.338172453,1009.0796543685,75.1135685491,5.9305514544,15.1186330864,1.1581022181,1
29.990997556,993.5521842794,74.1891422692,11.0105625025,22.6654720285,0.8872744114,1
28.6387610917,993.2610026279,85.9293387523,5.921694352,23.8100790576,1.4545659289,1
26.6057292575,994.3224856844,84.0722693578,13.7260497113,11.7616881873,0.8917424506,1
26.6506432604,1002.0309702948,68.3532374198,5.8784795793,16.9045946544,1.0769816124,1
27.3819234149,1004.0903564458,81.6111557275,6.1892042695,23.1603709084,0.7963258019,1
26.5738778281,984.5433656581,77.3108593737,13.9351973624,23.7913717805,1.0866239183,1
29.3137546838,982.4056027044,79.0735551093,14.4513969029,20.669391201,1.4408801696,1
26.4973833657,1006.2540085586,98.8376099842,7.6573028483,5.8057103756,1.0162832992,1
28.3225809036,1008.0781174475,86.8900274918,12.2191692683,24.0106564191,1.4825212723,1
26.3445285563,1004.4316033781,71.2133901021,6.9826948663,17.879131589,0.5545654083,1
28.3978445586,1007.0720982833,75.3286146379,8.2449916645,5.967254221,1.326340811,1
28.3520018537,990.5930866682,91.9913345778,13.3203053718,17.6291758517,1.0985629932,1
27.6565642729,1008.7383757978,81.6445529952,14.0763427781,17.5130157885,0.6848383979,1
26.2383483894,998.1307795914,90.547690774,12.8510205638,18.3304395339,0.9418337048,1
26.6534670336,985.5337715318,68.0917579663,10.8006058557,12.9558688186,0.983294285,1
27.5311364016,1005.1743982421,65.8130676968,12.5854511567,6.4231135776,1.0660184249,1
29.5121340514,996.7362102698,98.3916408162,5.730422726,5.8813172314,1.0412701109,1
28.5822887257,981.3675547385,97.8388355938,17.6324806498,6.5437506045,0.6269444138,1
26.4931351172,995.55685066,69.8338976997,10.3720957479,18.6862849785,0.642556555,1
27.5285578993,996.6419540985,63.0703224755,5.0628116544,17.836390336,0.989644076,1
27.6617720024,980.7201513453,73.4148642487,7.656233831,24.1344086778,1.2286562842,1
27.2614549731,991.7944138848,69.4769597559,6.4544850645,20.9502809059,1.046928876,1
27.9003594915,1007.6730285097,62.9093979111,9.2090121986,20.6485162443,0.7406705148,1
29.4972293365,1004.918682813,68.9862959057,10.989988703,24.5644133705,1.2991579711,1
27.3367708567,1001.9261103733,76.8004401718,13.6753964467,21.0833112997,0.5596173253,1
28.7682022122,984.1996213017,76.6327427207,13.2288262258,15.3922335161,0.6352173137,1
28.7018241813,991.8800289916,65.3203919563,7.3810514506,22.5920299342,1.4915327758,1
26.83326156,990.6631801209,86.768761197,12.2570380979,12.1562249867,1.0755934286,1
26.6458313363,994.1521951256,82.1388710484,13.554304081,19.845427845,0.8548318555,1
29.1208505941,996.9167876317,70.4464973004,15.4242967901,20.9248721891,1.110107922,1
27.9527107012,983.99546377,70.4533207154,11.2864920938,15.2741571043,0.5064643578,1
27.9849568876,988.5687796569,89.3843320284,5.3591939791,23.8294847501,0.9716494908,1
26.3656879673,998.7704573678,82.0212672238,11.1104828632,22.9314931694,0.5225645117,1
29.4466595388,997.3135124716,95.6263382185,13.9541783512,13.5934672671,1.4130414669,1
28.2884918549,985.4235545169,70.7519046012,7.9796686535,11.128308987,1.0879916295,1
27.705998989,998.4626233946,63.2629970245,6.3168235559,15.3615499608,0.7832844035,1
27.6012513447,1004.3559837203,60.5544854365,14.7406823035,20.9731156071,0.5201378489,1
26.6151348221,1006.5851388217,78.3407424875,13.468859584,18.5813320899,1.4969494174,1
28.8806298437,988.6166362762,95.1900960918,5.7383137181,22.9477143493,0.7206510596,1
26.5525011726,1005.7733527294,80.0023303676,15.1233980458,20.1608084202,0.8125980249,1
27.642730532,986.2907083229,99.0624409329,14.6840386559,11.0677108726,1.2658586439,1
28.7666226075,1008.969169258,75.7422134443,6.9607598538,19.5861960095,0.7068178931,1
28.0178237667,989.3656920971,77.0986611267,14.6782786377,9.644493818,0.769161571,1
26.7945264554,1003.5016165999,96.3701077775,10.5534827853,22.9399057873,0.6828133885,1
29.8251675261,991.3002932129,73.569626447,5.9364699092,7.1802723128,0.8169426218,1
29.235305294,1006.2646595119,72.0986526985,17.8804718187,20.2930190077,1.1903228469,1
29.7800962583,1000.476214363,73.2646739643,12.5086897615,15.2114081746,0.8120640447,1
29.2095841222,1005.8425413829,65.4920013086,19.285801286,18.2462747746,1.3119462346,1
29.7829988089,989.3875864409,94.3402581821,6.9753035515,19.8395545903,0.7523147361,1
29.4921725881,985.0657539011,62.1453916608,15.7619748592,21.9819603992,0.6682785885,1
29.3457687699,996.4672889492,67.5678316956,15.8057599788,17.0862596448,1.3287089838,1
29.3182508627,1001.2816646547,64.2160550959,17.5828079286,18.9404833201,1.3792795562,1
28.9014864009,983.3777139959,76.3111213762,18.2957054294,24.2283323928,1.1313759776,1
27.082237026,987.4637536622,97.6823287795,9.4740868135,12.8624359641,0.5107152977,1
28.1770293481,1009.2733645565,74.7654477524,10.3578850099,15.4108767461,1.3799146267,1
28.0220831669,995.2327351457,65.5348637888,19.7410931137,6.4672813492,1.0953663702,1
27.660582616,992.6657670164,91.4025568419,7.9356896015,17.9749422779,0.9580286166,1
27.0265888287,1002.5634299809,80.5149896922,9.8128181412,24.914689041,1.4206914008,1
27.3800673597,981.6419812078,68.1696842547,11.2804271499,5.0045407644,1.3438794112,1
28.9691689259,985.0344378694,64.8145430484,6.0140712421,23.5761592138,0.619140672,1
28.0495712829,990.4649572238,74.992996974,14.3199593623,7.2120719775,1.4943303027,1
26.9309133957,981.6149157473,67.5950131638,5.5843676952,21.048035689,0.9441834069,1
28.7023470943,995.2668221021,94.4578274409,17.9905351257,20.5609261297,1.4888405413,1
27.9329283035,1009.6068783617,90.1827744482,8.7290732692,24.8427127896,0.5973668938,1
28.8254879872,990.3673875761,60.2792904752,11.0522145354,21.3773854104,1.327523694,1
26.0023917553,989.2345745008,69.6466085723,8.503510416,8.7424854082,0.7913610728,1
27.6695791293,991.3060064104,95.036197,18.5794849852,11.6031190063,1.4534028794,1
26.2409077796,988.929508327,71.9226480468,9.8060192921,20.6632286185,1.1349066592,1
26.4953841068,982.1160691278,96.3771801474,7.8519314948,15.8926174221,1.4554481914,1
26.987844668,1005.7893603606,66.7524002314,17.8091432321,15.2356091314,1.4347955175,1
29.6368085448,1004.5887460864,95.5276539865,7.9882952876,10.7793704984,0.8933206704,1
28.1782212986,984.796392901,87.6498665514,7.5134980896,15.0669026121,1.2394692332,1
28.5821374256,984.6731978174,81.8818138246,6.311697527,13.2703306058,0.7739880995,1
29.8225978691,1008.6089782349,74.0930821701,5.6465016342,12.8443558687,0.6411990635,1
29.0540633747,983.2604761812,99.2503030957,10.7242474866,11.8518216562,0.6920160847,1
26.5840840772,1008.1419241871,96.7058911162,18.3120341032,21.1653642243,0.8347890419,1
27.254812499,999.0693596586,74.2383109388,7.2276017247,21.2876784134,0.6322687151,1
26.7867527893,987.1244991551,71.9959037198,14.6419260576,18.9215972313,1.3239976519,1
26.8163506446,994.0712224255,92.0375488617,7.702379716,22.6736793538,1.1838701249,1
26.1013944171,1000.7014066523,72.6440524619,5.8361128038,9.8160763215,0.5805808123,1
26.5886530044,988.9393170649,63.5903800224,18.6623939703,14.6772043773,0.8076790895,1
29.7042382393,984.8508365982,98.6332927887,8.0869156548,15.9335452979,1.0539932555,1
28.1382368766,985.8637400111,66.6491744821,18.7473372667,12.4416450993,0.8388234824,1
29.8082497866,1002.13783307,83.8971697029,18.2134274082,10.1412538438,0.7269785395,1
28.9756207492,1007.5762409316,76.9508047972,10.1319890017,13.8970486566,0.8516498723,1
29.638193892,997.0686644985,90.4869834873,17.1771007753,13.6738866264,0.8632553517,1
29.1757405338,1008.2297696772,84.9284149227,16.1244093118,21.9007929779,0.5512634592,1
27.6075050849,1000.2126868935,78.0140154312,16.2344472629,17.6948828221,1.2493694366,1
28.1827838753,986.1219316564,71.6764469399,16.2291306287,9.3206288079,1.2151250198,1
29.8285393302,992.8131513608,79.0040136277,18.4693282428,19.1455782381,0.9467264687,1
26.4937994632,986.1794010763,60.0377366107,5.5889757747,9.8470739027,1.3390996988,1
28.2026418369,984.5943350025,89.1246574934,14.0037711515,20.3949324571,1.07356328,1
27.3665644508,999.453936707,62.7376283697,18.4609597748,11.5568567577,1.0973123783,1
27.5745420811,994.2030697813,94.1818957281,10.1000657909,6.7626886195,1.3475476331,1
26.7272706113,992.9103959712,66.6199909865,15.5990619349,17.7064669342,0.7117458621,1
26.165989302,989.6620260559,82.3897864533,17.86902371,13.707926468,1.2192452006,1
29.7206608115,995.8276391982,70.3561709917,5.7924002955,7.4260599601,1.0324709079,1
28.2576663511,998.0174959096,66.650213214,10.6960610723,24.3963772927,1.4226037571,1
29.0488482333,997.7515090668,67.6809347655,15.0002847784,17.0493834091,1.028656604,1
27.3377701085,995.5793807793,67.9022362271,17.0776159604,6.6993257978,1.1583074395,1
27.7508672997,988.3026239585,82.3268473556,10.2050350312,23.4529027921,0.827883994,1
28.9485296558,981.1013883045,78.9907602417,10.0448509141,5.2400605455,1.2406635811,1
27.9400719501,982.5620909049,98.8984556011,12.7701564706,9.7321956542,0.929149492,1
26.299583368,983.1848106064,93.4989007848,8.5972992831,15.098229025,0.5619465186,1
28.3072316786,983.5763132852,61.458442033,5.7911592824,7.3594496726,0.9378998871,1
29.3759738878,987.8722512947,76.868504701,5.5988379885,16.5522616127,0.8324266922,1
27.2621327227,983.1987085681,74.6719328259,6.4924200331,24.325485955,1.3650710994,1
28.4031685974,1001.0259709173,71.4082321072,14.4615563026,14.6403467955,0.7819183556,1
27.2721584468,1007.7392537339,62.248971794,12.2845144762,17.2072601564,0.7497441792,1
27.3731019563,1005.5614524741,82.3687252707,12.7211329064,5.3205631291,0.8769861673,1
28.4128522484,982.3914521956,87.3245714289,18.9885006306,7.5223064475,1.2663472131,1
27.6256661463,1006.3951324383,85.9473181343,18.4887337743,7.6257594401,0.7017949483,1
29.6353059909,1002.8120020186,87.0559347564,9.5144947945,20.1290217598,0.7257895522,1
28.4664879127,981.2100155642,73.0468101651,12.0283549189,24.6930895518,0.63035313,1
26.8141394955,1003.0718339948,77.0202263709,13.4812390963,5.6886261715,1.3166552432,1
29.5409555148,982.6011970279,81.534524084,18.6984452942,21.5913166286,1.4353944897,1
29.0056932701,1008.2400317836,87.0646893421,10.45105898,10.5113355262,1.200808418,1
29.0612651981,1007.8821045155,68.1920963622,16.9699705283,6.2758911251,0.7827654571,1
27.2179616974,1009.4884063866,85.7110965392,15.7651423669,12.5440356492,0.9345309633,1
29.4781346873,985.4197262393,97.9074470826,8.2815756262,20.1238446821,1.1082113768,1
27.7782940043,1002.2710981127,69.1332500947,5.8768698086,14.4861732974,0.8547972897,1
27.5999320732,981.7217553106,83.3322899274,18.2651514196,16.956160268,0.9193346804,1
28.8043903495,992.3219463047,80.1854915191,5.1102956683,18.2268535789,0.8682501074,1
29.9161273632,992.6220968771,80.0778162053,18.6489523724,16.6414026225,1.3643662665,1
27.8275522869,994.253250948,75.4420374261,19.5005921003,6.6644613242,0.9805599408,1
26.2750156257,996.4915176549,76.686571159,18.1662410729,21.5292921898,0.5546103032,1
29.8873812053,995.3784573231,71.6350741693,12.0411026298,11.0980624877,0.6290712469,1
27.1914375936,1003.4014426112,78.8650546078,8.4122240554,11.6545895302,0.8430267126,1
29.9524963038,994.556913673,67.1665567316,18.3671013769,19.1934268701,0.5501753503,1
26.3867782392,1001.6137022439,71.2730001318,7.7645209543,5.4369342397,0.6344334274,1
27.8708824639,998.1769044554,77.1340720228,5.406599785,5.2102644908,1.3933044938,1
27.7313596842,996.0662741929,79.0793357047,10.8381292794,22.8786702134,1.115069754,1
29.7076302486,1008.8617549682,80.3583616169,11.7923720793,24.1774374638,1.079829576,1
27.1302010701,988.3702487104,76.198743495,19.9818940372,16.5708363641,0.65452083,1
27.7582517671,995.3138039404,70.3516963346,9.7468569631,11.0643956769,1.4447073817,1
27.3395131605,997.1256180884,96.3838156444,5.0927573396,23.9673910558,0.661447686,1
29.8429852111,996.1262043092,60.5678653789,8.8644799815,18.8581782205,1.4954215129,1
27.1500447975,996.1466030561,81.3329419144,11.0846788917,24.5491312637,0.9983330283,1
28.4129816907,986.8178316068,81.7514828157,15.4245519968,24.8057034117,0.8709737126,1
29.0886081105,985.1138753475,75.3806325483,10.2043842557,20.6355965186,1.2940144503,1
28.3059556126,990.2620830397,92.3991497473,8.5743450583,15.0900584811,0.509087035,1
28.5931901092,995.3328146442,77.8207125797,19.5045277193,22.2686315558,1.0692064631,1
29.4719185069,997.4931727184,88.7205671251,10.5806535172,14.1580059025,1.3670601824,1
26.9759812094,1009.0020268261,98.3255247922,8.7144746461,22.9111148175,0.9434391028,1
27.2839881826,995.7828203975,87.5107682546,9.1021177306,6.0331471423,0.8862877051,1
27.4138927682,989.468996461,79.6407905068,9.8110037347,11.1893909818,0.911113417,1
27.7788511074,997.2963496985,99.3336307366,8.6240191465,19.3196938708,0.5885783396,1
28.7074891033,981.9228413311,83.845705982,16.0937176583,21.8324401509,1.3438128637,1
27.8413162026,986.527638198,65.3511257998,19.2996075137,8.9818683987,1.120234849,1
28.1792043411,983.7693047724,71.5891193495,8.5812765663,13.2228867296,0.7174529322,1
27.4667155188,991.7275228052,99.0582611774,19.3199953532,9.8331784164,0.8169041377,1
27.0671781977,995.1777740044,91.1091164027,17.8748440832,12.1935112245,0.8128341975,1
26.2436221729,1001.0469579681,60.3931021028,11.1377388119,18.8675507704,0.804094636,1
29.2465080578,988.8175028151,77.8530543995,15.9052779052,24.7473694462,1.1623179135,1
28.4387276331,1007.4529536347,66.2544856658,16.2769724538,10.4933173958,0.8337765971,1
28.3172536112,1006.6700183244,82.7721993765,14.4758362749,6.0233101289,0.9920017294,1
27.240941135,985.4529079328,80.1653136767,9.8421469017,14.2797083488,1.4277457331,1
29.4708083917,1001.2286175722,64.2485531035,16.638158817,20.3552923543,1.1439079571,1
29.337299183,997.3206020366,85.8562950091,11.8754521914,5.687537167,0.5814472129,1
27.7400583774,988.77965293,81.8171180085,7.0012450328,20.9002307386,0.6043130874,1
26.5820619311,1006.313826857,81.1275704703,12.0089149401,17.9911201351,1.3281858693,1
28.5042188359,982.2583614996,64.495881087,5.7396348066,7.7132293432,0.8850580557,1
29.7719311363,998.3112817935,93.3989514273,15.6552725107,19.7184081275,1.139107847,1
27.3638478946,1009.9301678979,70.5420591799,9.1869570616,5.4928880927,1.2253263907,1
29.3455143096,1009.2331793192,99.0240767663,5.9791513635,17.9261986731,0.6283499266,1
28.6007486658,1009.474477418,96.4727427816,11.5869599121,12.2458698,1.2014991015,1
27.8373746224,981.6530460548,77.0757891129,12.0353740958,17.8217220716,1.0253182645,1
26.2642212313,1009.1770470695,74.4023960772,12.1680103237,18.6502346023,1.2153223105,1
27.0725729184,989.4700544349,65.0100492438,14.8326495777,16.9536467105,1.3908321483,1
27.7961510415,993.7791106464,63.0787673203,15.0614753816,9.8931010921,1.3388393368,1
29.5084818706,987.2953994079,82.0228253817,7.8873972595,23.2224100278,1.2600349018,1
26.1950652753,1005.3118637813,77.5217630362,10.1359268494,6.8270648545,1.0824350769,1
26.7463603875,985.6469659931,67.3699460629,5.8550358133,21.8069635518,0.549004645,1
28.2910811067,1004.5848705616,73.0695556227,10.2442159821,10.4842577825,1.2352285181,1
28.5025996518,997.4226799717,89.6673651597,15.1284625634,12.0496209389,0.6298570134,1
28.7047829854,1005.7580032095,98.5093033544,14.4252067632,7.113006909,1.0787564764,1
28.4731400841,1003.4438626627,88.1310891093,17.5168737928,19.9504127349,0.7861350425,1
28.561789096,989.4248619151,98.3188426593,5.5013535865,8.330070941,0.6758902834,1
26.9415330476,994.8311243314,96.5933979999,8.1757155822,20.1795366371,1.4117851124,1
26.5864582286,999.3778367907,69.3151658461,7.3514064298,16.8736923982,0.8094625764,1
27.7918866255,992.1641502899,99.3635785587,9.3837343511,12.0909641766,0.7523227443,1
29.6611597615,987.970566946,95.8326292624,6.5521259547,23.1397103688,1.4683269601,1
27.8115334417,1008.3714532532,87.0728017452,9.5238030481,11.0747009245,0.6438679663,1
26.4186417614,992.6883063122,91.8231350503,7.1207533132,17.8685789903,0.5976100381,1
26.6673943128,1007.7119418763,92.858850111,10.3109684353,15.7455134734,1.1826711525,1
28.5149360602,987.9830410561,61.5602568305,11.8335017299,16.3899451704,1.491624343,1
26.6544648166,1000.7533291743,86.971742948,19.6993317104,18.7335722345,1.2985558381,1
26.4281165368,1003.4209791252,96.4078449658,10.7425009215,13.6028546419,0.8103708891,1
29.0485184818,1008.085296925,97.6300343694,7.6217192731,19.7486288285,0.5672846129,1
27.0719890675,1007.3662471035,85.3271469958,15.8158199135,19.3877631115,0.8753213458,1
28.5070133942,984.3828969662,92.9201429779,8.5254694822,13.1039428515,0.6074505526,1
26.0676511997,1007.2869328214,70.7852003507,17.2951550417,9.22862516,1.1628597876,1
29.8617945384,1007.4744304457,80.1150208026,16.9266542379,24.5487636841,0.6637289579,1
27.1976924992,983.0046499252,70.8687039559,17.2393368412,6.7679393429,1.4813833342,1
28.518734381,992.4848283922,66.6615405399,19.7926519593,10.629546049,0.5566255574,1
26.481512598,997.4230575084,97.1505368482,12.4511514201,13.9177323972,1.2318727373,1
26.6958548236,990.8364817693,85.4920862615,6.0604491228,15.6959893256,0.9745335626,1
29.2642270285,992.962018552,91.8556289048,13.9312220243,13.218851047,1.1300186806,1
27.6695317672,984.3293613106,63.7423762765,5.250073259,9.7294982448,1.2360354004,1
27.2800644523,995.1813407724,66.5004426119,19.3961858219,22.2757924593,1.2623612137,1
26.5755046216,980.2585700778,60.7989173031,13.7990260611,15.3603069782,0.9226866197,1
28.8722726448,993.280811059,89.2887682525,8.495284466,16.7686248091,0.7367204759,1
28.5121218583,1004.8981877964,76.6251112812,8.8745064369,18.385365835,0.9879001953,1
26.8170258717,998.8040789019,74.3497004217,19.9346776501,14.7177121238,1.4167560031,1
29.2032723994,993.5339020939,88.7479706389,13.7935324817,8.8463154557,0.745818587,1
29.6593685994,990.0622044049,98.0905605813,12.9958293514,15.8588088898,0.875821219,1
26.3965844491,998.6886213255,77.874967808,16.6697745736,8.2913211686,1.4265853832,1
28.84168726,992.5677087438,80.6908867902,6.2631951677,18.3281460939,1.0858083942,1
26.4379294643,1008.9751000642,66.9913995153,14.7204547708,19.351227653,1.1734197289,1
28.457997841,1006.7740728186,63.1450684396,9.9637214867,24.7602792413,1.2326126992,1
28.7389006555,986.3624371243,69.5599072085,9.2192684533,9.686501313,1.3793930568,1
29.8624393255,990.2471116109,73.540275177,5.1063771916,21.508797915,0.6596663494,1
29.1603329999,998.4887224506,61.7944223051,14.3382048569,12.3745031094,1.3109351927,1
27.6014265074,1008.4145880802,76.2585087181,16.5775405285,22.9506465304,0.5874168079,1
29.7459733252,1004.7660452456,91.6524285725,8.0136700953,22.0026546937,1.4522600784,1
26.1994405856,984.4972775974,81.5032455221,13.6368870668,5.3393825863,0.5445880927,1
26.5722478109,980.4204355258,82.6743373318,18.9840032588,21.4531493696,1.0420152985,1
27.83825191,994.9690383266,62.8885274134,15.266530416,20.3029769972,0.6493816362,1
28.5930278163,985.1715908632,94.8957825342,14.196743586,24.2467611496,0.5728984519,1
28.5073316177,987.5959672104,92.1477380751,17.2673311035,15.0373906205,1.2534756054,1
26.5298826254,996.4074654138,81.8499040052,6.3420968422,22.0656959713,0.5992376649,1
26.362883531,987.8808643101,94.9906425022,6.9335387761,7.0233123923,0.8560672991,1
29.1556558519,987.0107134648,85.5680731756,8.5352380186,22.4735606912,1.3665956886,1
28.3743010177,983.813314726,77.1016742144,7.4129044023,20.1773626884,1.0061398527,1
29.2585002241,1008.0848912465,80.5407146697,19.2541883542,12.883809892,0.9929827105,1
27.8876100423,994.7093746823,93.8714000748,17.4791231253,11.6659971974,1.0727725097,1
26.9533488425,1003.8186525415,79.4593106293,10.0106832263,9.7769032081,0.8050996868,1
26.6754371575,993.8201837497,72.2835097344,5.5273887541,15.8821724788,0.8565589212,1
27.789211025,1008.9655375471,75.0939390892,8.8734021989,14.1552922541,0.7059881842,1
28.8371845086,980.6344947005,76.7573191194,16.637975978,16.2747420289,1.2419953911,1
26.2091164131,1005.5762793463,67.9278554569,18.1159704756,19.4536714895,1.4059116712,1
26.5065485021,985.3555936782,79.7212050064,6.2290765856,23.8753276442,0.8762593293,1
29.6931440841,996.3447402702,70.789698635,15.5359808162,24.7825063822,1.1720595027,1
26.2080950201,983.4093811609,60.156734998,19.9919102159,20.7344602947,0.8000670829,1
26.6050571379,988.5402421654,75.0388488772,16.3446514547,6.5496725311,0.6023321795,1
27.6419948548,1007.9957875115,85.4960992484,17.0273884981,12.2333216639,1.3759330222,1
29.1326401161,985.0435429279,80.4904225551,12.3106221188,23.9237378798,1.0402172668,1
26.2012917317,981.8872242805,67.4938716531,5.4870615754,19.4666060799,1.3360789008,1
26.6191441394,989.0352676099,69.9590759665,10.5846064786,14.7790185288,1.4865694908,1
26.2237054005,984.2654412916,62.1130357563,14.3876179247,21.7287947475,1.0270076246,1
28.2463780308,985.1244111892,67.9076121246,9.7822598431,9.2023555188,1.4701168864,1
26.0879272592,1004.0809221601,91.521405983,9.4582117077,7.9125729341,1.1428065911,1
29.130982697,1008.124435172,87.6770945307,7.3377730483,21.8438746175,0.572522317,1
28.8131202162,992.0757906647,96.8016021018,14.7538260664,23.9571313451,0.8372124904,1
27.6090416547,981.5367288921,79.8606168892,6.8497773661,12.0141957598,1.3031705116,1
26.6136515296,990.9965356214,74.9341264413,7.271156659,19.1445665667,0.8667219086,1
26.4232200994,998.8461979128,64.8548769819,19.7890125294,12.8047709917,1.4113418162,1
28.2163971216,985.2349545919,75.1481342232,17.6471729754,18.0144876867,1.3939730575,1
29.6791702871,982.8454757976,81.7650400785,16.1076428183,17.1343240394,1.2974205539,1
28.8804453341,982.5840731465,78.552392987,7.6096609928,5.3616218441,1.0498769212,1
28.4783303713,999.9047103539,93.4516525241,8.2319436091,22.030743438,1.4747600813,1
29.3701529176,995.0262981767,99.2568569969,6.4606509366,17.7644883008,1.428372552,1
26.2625043527,996.4823549618,83.6346506958,14.7909218567,12.2913285504,0.694942769,1
29.3074713887,996.8796626871,90.4875004478,15.704110494,16.3762547287,0.9321162368,1
29.8663630809,993.5664530031,65.7114254667,10.8415202012,11.3944169868,1.3812506817,1
27.4007460973,982.4977297415,88.9823163664,9.6726844852,13.8530969652,1.2779094067,1
27.5294533242,993.2938203597,75.0476187508,10.5101077292,21.17598889,1.0242547205,1
28.6829093018,988.0831833891,71.1009121961,19.0011969054,16.5437335245,0.5292994431,1
28.4724118622,995.2852661967,81.8299871912,10.3913574025,8.8667846722,0.9086995623,1
27.8667326233,981.5812936956,61.5026491818,15.7577217057,15.1741196843,1.2447507316,1
26.6729463164,985.6980423098,78.4284868539,9.2941979317,17.9047528911,1.3245170698,1
27.6708342679,982.1925527308,70.9466553969,19.700081948,19.194741696,1.0182057322,1
26.1501146301,997.0769063627,96.8308339854,19.5262869575,14.164096105,1.173609832,1
26.2595971182,993.97176733,69.6098007386,12.0470648217,16.6428960563,0.6642704495,1
28.0148777384,1004.9060865304,86.5604891227,10.0755179889,23.244151425,0.5394175851,1
28.9652348334,1004.8283078405,98.7145826381,18.3475459113,15.6010467842,0.7466564468,1
27.8384590069,998.8551170025,82.2900733327,16.1395398452,16.299052153,0.9136655236,1
29.0006433318,1000.8020256029,99.6257094869,9.1683668898,11.5906082755,1.3569501299,1
28.7368363008,1006.4732357404,68.1404443333,18.1004167676,22.7719856087,0.8145876334,1
28.0483543068,1008.2207056317,61.9112545873,10.2834646261,12.9210895487,0.9247941813,1
27.542210006,1007.462486044,90.4773750297,12.5767333362,14.3055506255,0.7622743218,1
27.7442819209,984.7070787244,97.902605053,16.5027334673,16.8160906704,1.4412789289,1
29.5265413967,995.4557667841,90.9861047917,13.4321713074,7.2948391668,1.029533615,1
27.0754461799,980.6311070738,88.913568156,5.4872989504,15.7838758825,0.9842131393,1
26.2544057455,996.5506390342,93.6438468246,19.9527392642,11.4059748499,0.6912421291,1
28.4617156601,992.1714327254,61.6432945982,10.2093271146,18.7218230789,0.7680471874,1
29.2458637566,981.6607945082,81.5248404016,6.0582509556,20.3270256111,1.3238963816,1
28.5900791823,1009.0683319152,88.5583179146,18.8698791437,7.3412882596,0.6268728281,1
28.3699739167,994.4747918158,84.9030159133,5.1507047158,14.8266086382,0.8836090404,1
27.6974881042,1001.4408826702,84.1517102914,9.4838922515,9.3539959771,0.6306343816,1
27.4873471383,980.7751691666,68.8711796773,16.7070670757,6.6012680506,0.5099692347,1
26.3390646177,1004.2287760869,90.8589337944,18.7270823061,18.6635112648,1.282848618,1
29.3820432434,1003.9724643732,80.3391614123,8.4935275797,19.5432561948,0.6556925978,1
26.9026583322,986.3539444964,91.7015907049,7.8036094468,24.9712161317,1.3352440602,1
27.4614673662,1005.2484637927,82.1848196484,18.5244684423,5.1819636256,0.7503587296,1
28.6772616655,1006.6481658954,78.3976780518,14.1045967441,21.0993366776,0.7685989329,1
27.9793038064,982.5834833152,82.3654662585,12.5417516277,13.8413242624,1.0218308753,1
28.3426173417,980.2548673582,90.440239318,15.6952143779,6.0587187114,1.4551751605,1
26.9606063841,989.7057384121,67.3525155793,13.6540418502,12.1238788692,1.060115983,1
27.5458502573,992.6074880542,82.4844353049,5.0879709183,22.6251613553,1.2068035962,1
29.6801526564,988.1205081291,74.8196574824,13.5338210877,23.8381117452,0.5866197609,1
28.6766166221,992.3091116562,78.8280399796,5.7372258552,20.8102721507,0.8016622416,1
27.5360762959,1005.6319853998,89.9599606962,9.0847309577,10.0399644329,1.0815888378,1
28.133920835,997.8918079908,74.6411306299,17.1066053048,7.3349580554,1.0368591465,1
29.7462808723,989.2505636503,94.7816467544,16.4614337987,5.7268149663,1.2284939338,1
26.7986789522,991.1381276152,80.0679666403,15.8820225268,13.1273281055,1.040827064,1
29.2734425656,985.1503458513,92.3132580731,15.3931764154,18.9905574081,0.638397586,1
28.6630609611,995.7401692006,85.5749920217,10.0699817154,16.7473973715,0.9498039907,1
29.025424219,1003.824036852,79.7838821106,18.4212135625,13.2119739448,1.3962567165,1
28.7428510753,1005.7694164137,63.5509306782,17.9749246431,8.5666302486,0.917968508,1
27.0047680184,989.6170275805,65.3991394429,9.4426514834,13.8370741618,1.2464521289,1
29.5740398856,1002.7036766871,73.2800280847,16.1666325176,7.6063597618,1.307702369,1
26.985392989,981.897602267,65.2683814083,17.8811745279,10.0640232674,1.0275796224,1
28.6217439138,986.9956266326,94.5761194878,9.6405284312,5.3224929274,0.851709818,1
28.1739377143,982.1820878533,91.605254949,8.2667120265,21.0642424649,1.2408832067,1
28.6474412489,990.6658939146,92.3543415613,9.4205205483,19.9079547828,0.8027676076,1
27.8373840407,1004.5389048305,97.1968705258,13.1762511929,23.0654724448,0.7320785779,1
28.835600025,1004.7123338574,94.2811611332,11.2266076528,13.755629546,0.791196455,1
29.0890702274,982.2658125808,93.1032486992,11.4150362874,6.7930446247,0.589700919,1
29.8461748915,1004.2178494798,78.3853101743,8.3540382249,11.8919319145,1.0631643885,1
29.7750964814,980.114908715,69.5249937302,19.0767146062,7.2648690328,1.3618438233,1
27.9084392708,1009.8369277005,87.1668679815,6.1111236082,13.1578847356,1.0578791836,1
27.2172303673,982.5937252136,60.0571337232,11.7437502938,16.4463037126,0.7868466456,1
27.121820259,984.792483807,66.5625435306,9.2777989402,23.1151358127,0.7322896541,1
29.5251901825,989.8476526783,64.5136217807,18.0503738828,8.2946179216,0.7872576949,1
28.9471782748,993.6024869187,99.5711978043,5.8211747339,14.6380033422,0.8159358224,1
28.9169609964,1006.2424122047,97.5487720791,17.076400652,16.0109060124,0.8035039091,1
27.5939150484,989.5073904146,78.6954934179,9.2836942436,11.2568925601,1.0268171661,1
26.2283963138,983.3162949893,68.7755755678,11.9652537482,20.9938372401,0.926318294,1
27.3348168303,989.4940635218,90.9598034918,5.7810860933,20.9108878385,0.6308811386,1
26.9422637384,1007.9751185929,94.380119025,15.6467757534,15.4064725238,1.4657704439,1
26.8610761831,1004.3331369892,67.8897066467,8.2030621683,13.1000219718,0.5890097349,1
28.0461025632,1007.5556459133,96.1645464192,7.3479382012,17.3824280009,1.468022172,1
29.6589973149,985.008505371,64.8462184504,6.2811272421,8.8724761959,0.9488513657,1
28.3960441769,982.1520603124,69.070344696,18.9723558038,20.6258129481,0.8270067685,1
28.5118349414,988.2557063532,96.3834678022,14.5083419275,23.1801117767,0.5777124184,1
28.1294409394,989.1009284664,75.7135630593,7.6947682693,24.159587065,0.5829145814,1
28.4800053339,990.2066898335,94.2370075837,11.5201722247,8.8221124538,0.7655875983,1
29.0689335766,986.176619323,72.8674547481,11.9823045866,23.6346284951,0.8582190412,1
26.5975975538,995.2995523794,78.4233020278,18.5114024368,12.6713478201,1.3962362491,1
29.226831231,980.1096893403,72.8023825673,11.326613629,8.9914323179,1.1433697251,1
27.0500411619,981.5704153529,69.2391724211,17.0287092925,14.6613249039,1.4778536935,1
26.8022586384,986.4607784856,71.6746870815,7.5913597742,23.2166845398,0.9119465486,1
29.7376431783,981.4539269743,68.4110471161,13.4883290765,5.7911501313,1.1491539648,1
28.7922821856,999.1441970755,72.8225289744,6.402801854,7.5750887474,0.975170866,1
27.2690366974,1002.9891221336,79.9179437033,9.6505103602,22.34304302,0.5469644224,1
28.2652915207,1002.8988473599,65.4601204833,8.4300612708,5.4024344371,0.9737732925,1
27.7870886354,980.2128959748,92.7759292387,10.3973735095,18.5460137267,1.4559800588,1
28.1253598129,991.9915865292,98.1481450597,14.6316535254,7.5292849081,0.8621816028,1
28.6418788855,994.124492581,67.9571911918,14.0252991293,13.2668491974,0.9360469741,1
28.994688701,1004.8377486364,90.8497229613,5.5821942172,15.7321501853,1.3349567751,1
29.3701380334,989.0962458128,77.1779158831,12.0605892097,5.6213626049,0.7407125857,1
26.9597956149,982.5013716131,97.1403100778,13.6960567241,23.2315377453,1.1215073111,1
26.1551978189,985.6031758469,93.2498322036,16.5015253451,12.5362125555,0.5002410047,1
26.9649773442,986.2469542582,70.01931787,17.088587638,8.830426441,1.3656450364,1
26.9653988154,982.3560872838,74.256189434,16.2147773685,21.3358673915,1.2926624768,1
28.4152123154,994.8002476416,61.6027634539,19.7648296822,8.0445642783,0.7842882891,1
28.3431130837,997.6030372353,77.8291928361,17.5417792332,13.9726518324,1.1636247208,1
29.135887402,991.8442184863,85.8418777639,7.259164296,12.6611761284,0.5203410819,1
26.8207485716,994.6124763297,95.1300987093,12.9088272493,14.6759379317,0.6197467885,1
29.2106249766,987.408962374,95.9844995749,18.662363305,15.4046097821,1.2785158801,1
26.5240584746,998.0287158499,61.3719160521,12.4634912508,8.6584585192,0.9324371667,1
28.4926896981,982.2328525532,80.1476704495,7.7393769538,17.7480922452,1.2382955105,1
27.342436977,1002.953197749,77.3106832683,12.2627674748,5.36716768,1.1185851491,1
27.239388467,982.573828547,63.6374179965,18.8483562048,7.5420522754,1.0924829939,1
29.3422868204,981.3098278614,69.4653252588,18.3462348544,9.0279820559,1.1134018465,1
27.0466854666,982.0097328319,61.1276536179,8.6711761946,13.318273086,1.4182850354,1
27.6321618464,985.7383211311,80.6847172343,18.6212553059,6.3165968673,1.0718975225,1
29.6298527054,983.6744425055,81.3614445282,18.1919404027,14.6398983547,0.7781436404,1
27.2980265967,1008.3536734624,71.3066944216,11.913031029,8.2436674482,1.2385390395,1
29.4674208521,998.7877782399,86.7621406127,6.8942520888,7.6514815497,0.7648163218,1
29.7343725748,1001.5987861811,90.1525485191,8.2858875959,17.3562638918,0.6039593759,1
29.8494612658,1006.7066201166,70.8139436198,17.3414036455,14.2361296312,1.0809685866,1
28.9195564708,992.3279871489,85.1687677203,15.4896938173,6.0393219626,0.9582533148,1
27.0496643268,987.2529352244,79.3205645138,18.302473092,19.9945149357,0.9760567022,1
29.9667445616,1003.1131340838,68.4211395376,12.5216221055,13.1912185453,1.2712248153,1
26.9124015116,1007.6666995447,83.7027273106,10.6988643644,17.1014250688,0.9864050355,1
28.0197312164,985.2923573128,92.5093161722,13.1264047991,20.3231420317,1.4473068992,1
27.4760709296,984.0655062068,80.7359850653,6.6891384402,8.6715925471,0.9066365269,1
27.5326578742,1003.8398867719,78.252672822,7.5615239001,15.1822677038,1.1116556756,1
28.2629892262,1001.4410694915,97.5081846152,18.6838184165,9.8943119405,0.8022767005,1
29.5803406911,1009.1616042387,94.3729980428,6.6502658169,13.467160547,0.9423937407,1
26.1842766787,996.3163376348,73.5421610975,12.1015240039,22.3760219164,0.9340488685,1
29.2777114147,1007.1674641272,64.7903986573,12.9789946633,5.9412239575,1.3627707775,1
26.6516106179,1004.3724097287,94.1358293415,18.71510664,23.0790613038,1.0523380135,1
26.2020298833,981.3164326511,88.8149285093,11.6671996697,8.8082699205,0.500401544,1
29.2235646768,982.3774881839,67.6595845963,10.7935459295,12.0999023163,1.4639160121,1
28.566318725,980.702988661,77.2070363378,18.1251304962,6.8911268955,1.1060138319,1
28.2812500313,981.6072967882,65.6199603918,14.3382409432,15.081401595,0.7835071903,1
29.7937006222,1005.2739232051,88.8949403053,6.1699079961,14.8556269173,1.4782654635,1
26.6340809361,994.6240350639,74.5648422737,14.5907963218,13.6063285608,1.3877515247,1
26.1623428485,1007.4118248202,93.3197655421,9.4635607466,5.6242712068,1.0265949426,1
27.2131241043,990.8774963778,62.6562141384,19.8402427106,18.098142463,1.4489162182,1
26.9839989612,995.9626047181,79.2942483433,15.5429966608,8.8757826005,1.2381507548,1
26.7565547853,997.2047529167,68.60975282,17.9243742513,15.3698594988,0.734057775,1
26.1991240061,988.0550022859,86.1694311978,13.0042539696,12.9255452498,0.9893227475,1
28.0503048637,988.0332294381,78.1980310737,12.0617749552,23.8127999837,0.5422004686,1
27.985180502,996.3338399645,66.7376220453,16.4069690941,23.9154943402,1.3753632399,1
28.8179745456,993.6153969142,81.624439773,17.7440026247,12.4641473821,1.079129804,1
26.7563106151,1007.027231908,86.9674779532,14.4990337601,17.0834787635,0.5786976752,1
28.1092435826,992.0835660214,83.5524108062,6.3383325209,8.4957343009,1.0611502124,1
28.7497474438,989.7625484205,63.7895565912,19.6380629418,13.4761637035,0.5246972977,1
29.2410365221,996.0973457009,71.1286874828,5.9241197794,22.9006771771,0.7499017216,1
26.2624030598,1000.7184593716,82.8963090387,11.0677928669,9.3362855186,1.4706680278,1
26.7028609833,997.9134986005,76.9674022298,11.7003308262,21.5026975132,1.0434058522,1
27.2190436512,985.45425397,63.4364155281,15.7117871139,18.8015070838,0.915774801,1
27.8767099844,991.0312552438,64.0247990889,9.64447715,18.3156880294,0.9601026266,1
26.773788912,986.3111624459,60.9218835363,18.4511982486,9.5506775387,0.6274080717,1
28.5570515327,982.2542885953,65.3680970531,14.6713508989,19.158956534,0.7560211731,1
28.603311802,983.4882104088,81.4564153232,11.5572215757,17.0800999548,1.4989046998,1
28.431051075,992.1411762299,69.0082840086,8.8564413409,12.3455540256,0.8682954677,1
27.4937783646,991.506035373,93.4648084147,14.7618248127,11.6828604477,0.5383638614,1
29.4831886894,995.3824969938,75.9300093945,12.4575092108,5.2553085304,0.9467395253,1
27.3718660788,984.147366969,77.5786149743,12.4448415693,18.5732018765,1.4614175778,1
28.3971100713,1004.2243380696,64.3742361244,10.9593693942,16.3896477627,0.5783382178,1
26.2902991922,1005.5095312447,68.5140034415,15.0312988167,21.6578718977,0.6297829657,1
28.2272734411,1008.3913596008,76.5999103348,9.9041315038,23.6089720109,1.4954836107,1
26.0902743328,983.3857443414,84.3787105347,17.30864659,9.7842217607,0.5563818539,1
27.4775305903,995.1742766778,82.413946974,15.9292273519,17.2536868935,1.0476161007,1
28.5619331726,987.783475132,63.3859501434,6.7890750806,15.0039587105,1.2012933421,1
29.1561624168,990.5292687178,76.1861496659,10.9052282899,6.2243331629,1.4892166834,1
26.6673188198,981.400544597,91.181267273,8.7887901003,19.0787333407,0.9089272358,1
28.6478793578,993.9456434244,85.2235478923,11.7439835901,15.1579483201,1.3106038483,1
28.9420828232,999.9137487182,64.5354838221,15.80924436,22.8819907221,0.5551565906,1
29.2825662414,981.1309217127,74.6867850278,13.1344996343,19.9262762514,0.6685990484,1
28.3231873194,1001.4316268611,96.6657241078,15.582449779,12.886822927,0.6201592587,1
28.138218179,1000.2538965753,76.6979313559,15.9601851729,6.4835239119,1.3399982232,1
28.8996509865,1006.8428596104,64.7022899648,19.8533380192,5.2355975257,0.7810738854,1
28.6720778101,985.3004694253,83.209141288,18.5605247968,18.4050795209,1.1247953987,1
27.3458014073,986.3362477576,72.5272820281,7.6826160276,12.9437377263,0.948407841,1
27.2821446672,1002.3325776144,98.8487964754,11.5705048505,16.3172614712,1.1906227421,1
28.0537379885,999.5181956976,95.5874965029,11.6065185598,20.0133802856,1.1032221357,1
27.3023245301,1009.5079189922,86.694046522,5.6577027874,17.4662886752,0.5238841913,1
27.8000969581,989.9807053908,77.5319443213,8.9403996482,18.7828671396,0.7001542112,1
27.278357705,997.7542372299,62.8891739309,7.211795139,21.2463466543,1.2533129319,1
28.8653013739,1000.0815627101,79.0796766151,14.6341724526,17.4292884531,1.0003583604,1
27.4300533137,988.322802044,85.7120820065,15.3920179794,11.8466816492,1.0613558242,1
29.5313459627,995.8343632489,80.7051931359,13.6681562216,24.2938095766,0.5534346024,1
29.7502013496,995.8962687655,84.5961205827,12.2363540239,20.3617875684,0.8117033215,1
27.2249569809,1005.1352414272,62.8942903097,18.2165772253,16.8596949551,1.1781225015,1
27.6577192499,1000.6860262672,73.7591854527,9.1588762452,20.0158046236,0.8552896432,1
26.1966433166,980.9317062811,82.167250218,16.4304908156,21.8157014388,0.8667520764,1
26.9482815647,993.4181890447,62.8950557278,19.3119746236,23.4461555097,1.4855241333,1
28.2162335338,1007.9249859253,60.2139595478,16.2235820927,7.7944113396,0.9245726072,1
29.7347156245,996.2715968057,81.0982585489,7.1168917745,21.2028018149,1.1338498187,1
29.6584658181,986.2595573948,86.6109134495,6.1804786506,8.2786344191,0.8012312948,1
27.8535640352,997.9829162608,66.8509364266,16.1245672793,18.2474371983,1.1881176592,1
26.5127522912,992.7606948881,69.8882429496,16.2256287414,22.6343461279,0.6964413152,1
28.45538378,982.6315292516,75.6614839841,15.6998259425,17.4940133881,0.8780249494,1
26.4117845788,1001.570684613,80.1555518717,15.6314844852,11.4887645727,0.5257424097,1
27.3641914913,1004.0991372055,95.89193983,12.7732747345,5.616492374,0.5130102134,1
29.7790003208,994.6764874606,73.677379743,18.8632765226,16.6284978974,0.7193204012,1
27.7155497254,999.5679201783,89.0852478753,5.0107528806,8.2905074479,0.7634734457,1
26.1512805462,983.6915637077,99.4539969178,9.7282510607,7.1398252235,1.354568664,1
27.027809198,980.6272853701,68.9236007378,5.847735362,13.630162397,1.0159458785,1
27.013975013,1008.2161190331,96.2377587171,13.5020915752,12.6229376407,1.2275793221,1
27.8065559821,1005.7018983952,97.7637914372,10.0391923007,6.9011307367,0.9134657667,1
26.8248108636,1006.2968147237,66.3314502424,11.8349123233,18.8372781632,1.3690990687,1
28.2732766043,993.1852334134,62.6896253621,11.9703420267,17.2908203644,0.9940116706,1
26.4738468204,980.4091953751,72.1287818687,15.4698570725,10.9150566924,0.9211189044,1
27.6420911374,986.940461396,65.4548442012,7.9503283735,8.9626148365,1.1272584006,1
27.2655016296,1009.1943413428,67.7486820311,10.1874285546,5.1690299212,0.5319944601,1
29.7607193389,1006.7622305328,81.4208766434,13.1539336237,12.7410002387,0.5447683887,1
26.2161905094,993.7169125886,81.9848920442,18.317264605,21.4529585439,0.8940836485,1
27.2664097393,992.004658186,66.0198199229,12.5535511161,13.8306802076,1.3487675853,1
28.8242324586,994.7136322556,70.3078259276,18.2739012027,9.4229522022,1.3031330889,1
26.1765822483,1009.7627656109,65.2140671886,16.941027881,14.8443236657,0.9129111896,1
28.1499750147,981.4789898723,60.0938989547,8.671998095,7.4252978672,0.910960608,1
28.5913481544,1001.3621597674,67.1380269639,6.1938222106,10.2133276512,1.3634914505,1
29.0900903671,985.0650081996,92.8720583702,16.5387583886,11.7440407034,0.6218892121,1
28.0390282676,997.5578262653,74.3735596206,12.1303860152,17.8201211464,0.663920262,1
27.5256352396,984.2260581185,84.9977508163,15.9330576423,10.5774385252,0.5632626718,1
28.4120554535,981.7139815803,95.7509675105,12.9471358561,21.6314785182,0.5385915619,1
29.5155245837,989.4479968238,65.1591563171,12.0269185563,5.6194120685,0.5327998743,1
27.6813415568,1006.853000872,99.3060964597,14.5557133026,23.1169878,0.6537493121,1
29.6869066778,1002.7240715217,89.2682109089,15.6377105569,9.2201338342,0.7197227501,1
27.7546867872,1003.4600547678,91.3581007239,11.7989265879,21.772435924,0.7284258523,1
27.0960471215,989.4452346623,64.6721643094,9.0973943055,14.1065749962,0.6044803168,1
25.7621433916,1017.1820751103,34.7877099332,28.4514480981,22.2745104227,1.2573654584,0
25.5480786964,1000.9927801893,71.9704018805,18.9634169404,19.4247563961,1.7722402759,0
23.7857054951,1015.4431731016,52.8162961911,27.8818273852,31.8361741806,1.4105048213,0
21.8406759349,1010.152053314,71.3108687888,14.5526507164,31.1219349592,1.642209637,0
21.9650525924,1002.7319861342,69.7192112546,11.9793724682,32.1021884399,1.9730453495,0
27.8378746782,1006.7069005113,32.0489111125,24.1012656841,17.0150568792,1.0311749091,0
26.9615735239,1003.4663132278,36.3655939373,13.5134459594,28.8633872051,1.3976349857,0
22.69050182,1005.8621001696,54.0324014156,21.0365746707,20.14237008,1.1697584982,0
27.7252253981,1000.3714030627,54.0562845908,16.6673567623,26.4132915796,1.4148468503,0
25.8617873233,1017.1469068772,71.6635641018,14.9991796248,26.7038957079,1.4860575419,0
22.5102571464,1003.5461099404,40.6900605331,12.110272928,28.2145478622,1.7296784136,0
20.41636671,1022.1061293482,73.1337581473,18.8664064155,34.5215666495,1.9053218284,0
20.6643100625,1004.7762967177,52.0377471721,21.6951361667,34.7652423029,1.0474156361,0
26.4093720264,1015.1095179771,39.9271429434,19.8965691324,30.4082357414,1.3052145301,0
27.7899406563,1016.5840652739,50.4118759673,15.6092644841,19.8436689119,1.529833889,0
22.3198991412,1015.7226286231,35.8969337437,23.0988220913,15.0048586887,1.9336153778,0
26.9388371129,1005.8402258009,68.9185952273,22.1714318635,22.4721131907,1.0635357224,0
23.1699787745,1024.0954415297,56.9490437225,15.7575900667,29.0705668036,1.3739387136,0
27.6075308149,1000.5550703247,45.1861925816,28.421389726,20.0450566771,1.8238017499,0
20.825174087,1023.5755177412,69.7536440591,13.625005111,22.6991744528,1.7832900924,0
27.7022784638,1003.1663968212,51.0315118439,19.6188321617,22.2637824743,1.6855386206,0
23.489715337,1004.8698450661,70.8016751151,26.051214963,20.969013223,1.2881521358,0
21.8880634426,1018.2628663507,32.016261986,11.8953694207,18.0588637295,1.9958023678,0
22.3104797596,1003.7317003167,42.0498128998,28.7225114308,22.2963619262,1.3949902705,0
22.6800685597,1005.1820630638,48.8898411955,16.3336871203,20.7916540934,1.065892165,0
21.5303132536,1010.1851317903,76.8474626954,17.5450397143,20.1017444484,1.0585366001,0
22.4433079883,1003.9415256699,38.7005224008,25.2151861677,26.1562025147,1.5065499999,0
24.5026418977,1007.8341923614,44.7554430092,24.6680369867,18.8516326492,1.8977958064,0
22.7991637092,1013.7829347666,47.977157226,12.5160467269,25.5028170354,1.4518690447,0
26.3755800321,1014.7606525777,34.8458663533,20.9604299446,30.8540681156,1.1526581645,0
25.6813861327,1016.933546152,31.221344147,18.2349533518,28.3882412851,1.590871923,0
27.3056476945,1019.9450593052,76.0728868108,29.5701193387,27.4548255275,1.8598544903,0
22.0145176161,1024.5257372279,60.6853984772,25.8707480446,18.6691576952,1.021986522,0
26.5350238872,1000.3487254673,62.8559419531,17.3018784046,28.9206281398,1.1079624481,0
20.557166942,1014.7234005641,56.0327676867,24.8440201824,23.4489158006,1.0264469026,0
22.6844576136,1024.4005039381,73.6777788114,16.5875613407,31.9459349107,1.0179578638,0
20.5960836945,1012.7598180337,78.4719687838,23.8641908444,18.7872175158,1.84143976,0
24.9415566895,1016.1105792408,31.4168725192,26.5706051916,20.1807028821,1.2148546064,0
20.3226412884,1005.0284135648,38.9314438377,16.7549599347,25.17077783,1.270674606,0
20.2333653486,1015.1275405559,49.7872414924,15.9734431478,29.934866156,1.4949827947,0
21.047450017,1017.405535903,40.3036889969,18.8245933818,31.5061680485,1.903097507,0
26.9138448181,1011.614569111,67.2184102152,22.3889014764,23.6361020157,1.4624568171,0
27.5277263027,1012.1593025206,53.1309635967,25.7014372313,26.0897822864,1.467758231,0
27.7445800233,1018.824654826,70.558130194,10.6565099764,27.9324226732,1.0492736536,0
26.8195110851,1013.7100234186,39.8656985288,16.345104329,25.6171806858,1.1585361585,0
26.501544347,1003.3150997687,41.6698134729,19.0674121121,30.2722095923,1.789864621,0
24.9467704564,1002.8274934856,37.8165719196,18.740674509,29.8708853927,1.388133081,0
21.3660822676,1005.6709275581,58.7750509235,18.468776098,18.413548706,1.8525387409,0
22.0635160543,1012.2878556458,78.776366451,16.664834811,16.803914004,1.0896317733,0
27.6738834826,1017.8915663018,69.4079894068,24.0820872154,23.9982556217,1.9568356675,0
23.9922893832,1023.2883762289,59.1666454994,20.7676837379,19.1857552306,1.2415062269,0
24.0777853728,1009.4989988065,52.4242614001,29.6129643913,24.0436587872,1.0479577324,0
26.2032761167,1014.2670793768,68.0352403022,12.9972559777,20.0728494868,1.0115260141,0
21.0427257886,1007.7317027875,35.8439380295,29.7171688082,17.606478934,1.5877032283,0
20.5123481909,1021.5608532535,78.0749839619,14.9349484133,15.4426890206,1.4139260581,0
22.1604677288,1005.1709277654,62.7011538829,18.3243406206,28.7821816297,1.8586720549,0
20.939807191,1019.6416650486,63.6758393409,12.3002187366,23.8309457776,1.1416113506,0
25.1426671265,1009.5495011366,77.8407335295,16.5994979058,33.029717022,1.8035417768,0
27.9648336144,1006.3165750543,51.8388584662,20.4036147313,15.3052967929,1.2819368843,0
23.5487976105,1004.2775619603,73.6627178346,24.0982226546,28.0018490228,1.9562211736,0
20.0241669708,1006.1983112452,76.3895739688,28.642678308,30.315266421,1.5138758348,0
21.8526639303,1004.5304510903,70.5151649562,12.7007627336,33.7715647917,1.9779934237,0
27.9543038861,1013.8904288671,38.5071370089,16.3220977588,21.1864844872,1.9722297092,0
21.2269186193,1018.3331977179,30.020514472,21.923653388,20.7586818819,1.6516797949,0
25.7008112584,1017.2007629738,45.9658440011,15.0440480432,33.4659901654,1.8461938662,0
23.6185878211,1010.6097254518,37.83814738,18.5281211298,15.4500865486,1.7813562184,0
25.440368451,1015.8789247216,75.4777714219,10.3606401965,30.7469769682,1.3238955526,0
21.0900045207,1022.1890767954,53.5381196194,27.5623039397,28.4838423323,1.6591555446,0
23.1844387254,1012.8408345982,70.1522762338,17.4730059275,16.9138023212,1.0910363149,0
25.1856734196,1010.3298619701,50.2809695128,23.5910367315,26.874115659,1.8282127579,0
21.3642431152,1022.435476252,62.8073045924,27.6370960164,25.8406669019,1.8999095434,0
23.585286987,1006.8603157909,49.6585217282,17.7552865706,20.3715920867,1.0698619207,0
25.4208894568,1004.3205012864,47.2252946697,11.2308606827,30.3684214223,1.2215271519,0
23.7083827141,1011.7581011984,73.678765288,25.2559810575,28.4149440094,1.009538954,0
23.2231202484,1022.6810791819,67.0156515422,20.8568274867,21.9554019521,1.6553831995,0
23.3469043074,1017.8538286598,73.061611363,13.0936969637,23.1604018257,1.2498674653,0
25.1220073196,1021.9372310433,50.9065799897,28.2203139996,17.121840999,1.9503797515,0
27.6666214919,1002.4426818847,30.7499250189,13.2220004651,18.5999923322,1.8484177264,0
20.1632128855,1015.1122245565,43.8512724435,27.2466983288,28.7351144056,1.2214935489,0
20.2783935989,1010.2312393446,44.4596575983,26.1795549923,24.1404790439,1.604259516,0
26.6172651874,1010.6250603531,43.7723339895,15.3006983628,23.9829640546,1.0911373391,0
25.7488299255,1005.3434171996,39.8476815104,18.2551664055,26.6771653462,1.4489117226,0
24.2973545728,1005.0883880621,37.7875811433,27.6084380575,23.2418721927,1.4979763026,0
24.4333577729,1013.9710217739,65.3515584661,13.5496366998,31.2146093046,1.1359327474,0
23.981196436,1005.3544063185,33.0036584177,16.5100667625,29.1986614687,1.143834471,0
20.0739327072,1020.2039262256,38.8097203082,22.1243328444,26.7097187663,1.0869395607,0
21.7836000685,1004.701464162,51.400967622,23.1656756685,15.241398706,1.6057594894,0
27.702963952,1014.7367700773,53.5586279689,21.468032518,31.567562912,1.2372543637,0
22.1010688989,1012.6105259929,67.2024725614,20.0643841437,29.4716140088,1.2894978651,0
25.3130059143,1010.6647975264,74.4559677864,26.9045111632,28.8301109163,1.4957170101,0
22.5060059239,1018.8416534477,41.0033127392,17.7706229601,29.4884468054,1.2147445024,0
22.8477471267,1007.1026037307,38.8044643972,24.8666582713,24.0833494034,1.9820773786,0
23.1287379532,1001.9995620699,34.4912876286,21.8150744271,23.3751798097,1.0539325828,0
24.1323720831,1012.6184868845,37.4774659278,12.0767877222,17.0205649298,1.1964826524,0
22.0114412175,1004.3393036038,77.8917652224,27.092349263,21.5513258784,1.4918759595,0
20.1568842598,1016.7842002224,56.1579074909,27.972778566,31.0821849212,1.1271811892,0
23.1884737932,1004.2538160286,42.7360250229,15.2649234966,23.2282186352,1.1263701419,0
27.7895370788,1005.7659660054,68.6436968191,16.7793985235,32.1577837049,1.6588554042,0
24.5315494807,1011.7939077348,54.7909736324,24.6447582818,28.3636132392,1.057788197,0
21.1252267139,1017.9157984176,51.8640824122,18.0709724163,25.1354008144,1.4766204563,0
26.1089223917,1006.4566089472,54.039308409,29.8403193879,31.8271354261,1.7678609231,0
20.3240733835,1003.0727795636,40.153529646,18.0390384923,21.9253210158,1.7093142948,0
24.6894588327,1008.9310492043,58.8526670857,16.8453118558,34.8560795637,1.0723483838,0
27.0282459937,1007.5458665223,62.5148487037,16.5801145932,20.2422594403,1.4107004006,0
25.7633285527,1012.7884048559,77.1782608578,10.8376078768,26.6844957766,1.0491585236,0
24.5879966795,1021.3407482132,42.096386406,27.5258469705,29.6490925827,1.6571976616,0
23.5122339518,1001.1220254118,76.0056906661,19.4059244538,28.7964214266,1.1243453174,0
21.7141744745,1001.6122670114,58.7146769854,22.440589585,31.3420426601,1.6156243967,0
20.1020518377,1017.3807413937,50.899960846,21.3111496645,22.0047322865,1.1339748667,0
25.3720944582,1000.1089894989,76.2325552703,12.2500826648,21.660152661,1.2143000723,0
24.6809732874,1011.0728524511,31.7087794521,16.3930412451,28.7940306972,1.6981169241,0
22.4877841711,1002.4915980519,43.6233592017,26.6357060037,24.8769402948,1.1400448121,0
22.5766446025,1014.4646337148,33.7546822903,28.8671459742,33.2516843585,1.7554372725,0
24.8537566383,1015.6695954263,61.9001617608,22.5744277405,34.7282803697,1.7769463884,0
26.9797025207,1005.3909940682,34.1902079548,19.657888732,31.583635599,1.5708530255,0
24.2165675081,1000.9550695939,60.7607448298,26.5608657155,26.8866346785,1.1641849641,0
20.9877085898,1024.5012985744,49.6859584827,14.5484345745,28.3520342717,1.643552123,0
20.7040482201,1022.3383645875,49.4633198405,16.2673881286,22.801321315,1.9292609752,0
22.4276257316,1021.5983951865,69.0761564767,28.6161534469,26.5391830024,1.8240944905,0
20.0425935246,1014.1204790722,46.9601715636,16.4536741416,32.0296889863,1.8531729786,0
22.116776895,1012.9875463691,52.5268269534,10.2328979901,28.2304864829,1.7362798988,0
24.5707162276,1001.6687563713,35.8222762042,21.9294915509,16.5929025807,1.5543225981,0
22.6299679068,1018.0108425557,62.1885304051,16.6563672218,27.9739008507,1.5534277008,0
20.0911173447,1017.4126795869,48.8020895555,28.8521942032,26.7538893906,1.2037173933,0
22.7230787014,1011.9141985895,44.8032755019,20.2985899078,34.5542562565,1.9319441397,0
27.3086240912,1013.1340120455,66.2455135918,18.7209659595,21.8115187484,1.5782297862,0
23.9850373935,1014.4884092288,44.3330290644,17.3391566363,16.0455274454,1.0742468593,0
20.8301976691,1020.3232101349,31.9436848508,23.1788558787,32.4309136142,1.3055764593,0
24.1411114855,1009.5489504761,58.2150532335,12.2906573665,23.5111175539,1.7102098483,0
22.911195252,1020.8318576257,52.713536218,24.3911682653,31.9223837111,1.2117167785,0
21.162288078,1007.9073087181,78.8035293016,15.1366314913,15.6004045143,1.5713200154,0
27.6249969001,1012.9184011235,70.9553663089,20.9425528514,21.3001655038,1.9505939659,0
26.873042878,1005.7088903545,41.005491501,14.0234593423,32.053323062,1.3927351142,0
24.0350456344,1011.6082936199,42.669905378,20.100560923,17.6362074699,1.751679767,0
23.3829472725,1012.9287590571,48.499944298,24.8155973432,30.2657038041,1.2045043387,0
22.7037598339,1011.7461358746,46.5396495714,25.0988040032,17.7646417357,1.9799144328,0
21.8070513035,1015.3039664736,51.648652492,11.420491353,29.043286573,1.8721060637,0
22.3114961333,1002.1562292826,76.8282805829,17.5639269906,30.8400625226,1.7161645382,0
21.0833507985,1007.2823436801,37.2355318068,26.224611168,29.3480711081,1.5277722091,0
24.3202335381,1011.5258392025,46.2945071697,19.5131006185,34.7198314434,1.8621529583,0
27.1130442856,1011.6962295823,62.8722163589,27.9013344587,34.2352495669,1.6010826654,0
25.6784377062,1023.7648003269,42.2308137026,24.9226195648,20.3711428124,1.5522222802,0
25.2877905652,1008.0725267145,54.0636975914,22.3470850198,18.967450797,1.51146754,0
25.8713629623,1010.2761798389,47.7565882013,18.1432859693,25.8836023188,1.4971538159,0
21.0782862793,1012.4018869625,38.455195021,12.5227157259,27.099000263,1.4017936703,0
27.2718471353,1015.9482622395,68.4584934762,17.3712493806,31.4092258032,1.1721942674,0
22.167705663,1007.1406649921,43.5454611623,27.1081632421,16.5219997796,1.1998729746,0
21.8548769111,1019.9485797313,58.1563296946,10.1154132259,23.157698537,1.6761417886,0
25.616777507,1018.0223304763,66.4235472779,10.0010565386,31.2841753411,1.0156432953,0
27.4708703663,1020.2447132172,71.8609571479,11.8657476944,34.1983337928,1.5705614046,0
27.565037422,1011.0734280434,59.9646783155,19.5267658699,16.5216945353,1.6869524414,0
26.3352523074,1014.5754661861,75.4458872061,28.8398289377,23.0474107908,1.3294166574,0
24.2949457438,1022.7698732628,72.3277161233,12.5499945334,26.7853467751,1.2663776414,0
27.1956246764,1023.1841602365,50.130571917,27.8060511423,29.7363366366,1.1225831565,0
27.4234736099,1011.3524148344,66.7243520161,17.3434762886,17.0106071738,1.6899643571,0
22.6778826126,1017.3872114795,64.9317794716,24.0787181466,33.2977230024,1.4502651935,0
21.5950465521,1007.6913771839,32.1167246259,22.6707058723,21.0831050897,1.3272211832,0
21.9375671361,1004.2264437284,68.7429201091,12.5941251598,25.1386023215,1.6332834823,0
26.4857653836,1001.1187858482,44.822036239,15.6026823755,20.7835650771,1.5218844619,0
25.3096358314,1009.5275128403,65.9735115657,16.7233067716,25.8237611171,1.0797891236,0
23.3437563487,1023.5728177848,66.0755889922,11.76253139,29.6460154122,1.8202929606,0
23.2328787819,1005.5375262714,55.6011694554,20.9768351119,26.3014758296,1.9022456231,0
27.0057362925,1020.0354202727,77.1714053633,11.9698928336,24.9011189131,1.5051657115,0
25.9842779147,1003.4739976312,42.6206906488,24.6355219008,22.0271186931,1.3498616942,0
25.6665923926,1009.1961795286,57.7631661304,11.9986375411,22.397772513,1.7253896017,0
21.6772873769,1022.1168746238,60.8112125803,18.574502835,33.846018758,1.2080245627,0
22.7016861978,1020.2418564522,64.7838831608,25.3156858543,29.3295252528,1.2112629169,0
25.0614162787,1024.40034814,45.5300485698,19.2193918443,25.8301256424,1.7617427065,0
20.4663776309,1024.9605308481,67.620122686,27.2780663259,32.1257025609,1.3477378356,0
27.0113675488,1005.0413802817,33.912104929,25.7623787989,18.2530443638,1.6867677956,0
24.1606614657,1020.7562548195,50.9624624659,13.8798791245,25.1032803659,1.8055808264,0
26.3308217892,1014.5341639301,69.0392741683,13.8354691659,32.4726764527,1.2466884297,0
25.562551597,1010.2361984407,73.8156984958,15.9595958932,21.0131128112,1.3759383754,0
24.2789820461,1021.9149529709,75.6242527115,15.3194812931,25.9828803048,1.9986173192,0
21.8832579907,1018.1744967837,48.9015531117,10.1621639377,24.2113201512,1.0225696966,0
25.4954193342,1007.3500847149,57.9946550768,16.0183814633,23.143474772,1.5348009769,0
21.5906282423,1012.7101494161,37.8689257434,23.4194941897,17.207884685,1.0708717007,0
24.7854595643,1006.6101074483,56.3812228419,20.3492201877,25.9816644514,1.4016531258,0
27.5926368255,1019.429647736,44.2702645151,26.8841917155,31.5733428707,1.1888701868,0
25.6091290511,1007.2660742327,44.8746334996,15.9269615376,19.5965208359,1.7152368535,0
21.3694779507,1002.6120598827,41.8758060297,17.5980104465,15.8914008143,1.7160630534,0
22.5855525226,1007.9674314321,52.4271274684,22.5248964553,18.7785962753,1.2562549239,0
23.0415599838,1021.7817962738,63.15739147,16.8342375868,15.3936643076,1.4870160405,0
26.5054571783,1023.8659413002,76.2894274747,28.1853008691,22.2028422828,1.6898960033,0
27.071982215,1005.174657575,75.9096579231,26.3036046394,32.6050354656,1.1059559113,0
20.8979285759,1007.2805829645,60.7091861992,26.0864065219,27.4750676874,1.1863167765,0
20.7978096308,1009.0831118892,55.0675496817,10.8679435716,18.5835934925,1.4642723693,0
23.9625411755,1010.6922947008,77.8009855243,14.2947025024,29.7203473673,1.9290208857,0
23.0237468451,1011.5918951443,34.4261157607,22.179982221,18.2061807903,1.5323102634,0
20.6069731298,1017.4553863374,61.1886095325,13.7803456549,29.4064583296,1.3954890762,0
22.5787076646,1015.2598466661,76.9554349155,23.4348968095,24.2136994696,1.0944624258,0
27.9110056971,1023.7267348411,33.9137240365,28.668266409,31.8941833415,1.4408551127,0
25.0739447278,1019.3619354819,31.6894575474,21.8631199105,21.9189903573,1.4690603402,0
22.673091295,1002.6840279613,37.2814369263,10.6687597112,34.0889538971,1.946264493,0
25.8668921179,1015.9374700734,62.2638877662,26.5345529679,25.0950864713,1.5868204451,0
26.6622325682,1001.8067927253,64.535051975,20.6805546077,21.8054996447,1.8909953746,0
23.9694074088,1020.6180791019,50.1078190922,12.0478892559,16.0266874265,1.3372377508,0
25.743496189,1018.5705375396,32.5426984417,14.4224652578,25.9522396829,1.1339412194,0
27.5503111137,1020.1050726825,39.0327451046,18.1313561581,30.8200814813,1.127849737,0
25.9119365053,1009.9221994556,43.1462123816,17.5099724404,21.8623103283,1.3985020288,0
20.153383286,1019.3124461524,38.5472446784,10.8780922726,30.4787225765,1.4935091827,0
21.6429454775,1018.4306919313,64.9856538577,14.9254146821,17.0874291617,1.860247811,0
25.5031891638,1023.468747207,66.1155584162,13.8091399406,16.4300604866,1.7416030197,0
23.0915468074,1008.2573543867,59.7677861255,27.44409058,22.709408694,1.6953542507,0
20.8457964834,1016.6201939645,44.3090435399,13.9783362747,15.3704915349,1.0216269925,0
23.8687443848,1012.5261844449,46.0831235697,12.6432355505,28.4452587987,1.5307506024,0
24.7186751555,1005.0154092781,44.3665166614,13.237912201,19.4977356045,1.5626887558,0
27.5595793666,1004.8892661775,62.0837855081,26.3451853798,20.10007305,1.0392530531,0
22.4435538124,1018.6150919751,32.3758878604,14.3859056501,30.6530312565,1.6980743385,0
23.1036173492,1003.9978311256,49.9074746761,21.5993564041,16.3750190418,1.3289197782,0
24.0664935542,1000.5993861844,45.6512677351,26.3973629505,24.0116498563,1.2980425228,0
23.0648114687,1020.8892677491,78.3606603404,18.773107627,31.9310155164,1.5520181723,0
21.8475333168,1018.5875633945,56.5994159135,26.1806910048,19.3000953654,1.800054408,0
22.7688579263,1004.3152278226,30.131607779,19.0180730619,26.0981966765,1.8596655477,0
22.062041725,1005.6607401272,54.0357028242,19.9770204749,20.4372145345,1.7184601783,0
26.16071225,1011.5582124365,65.7043511343,24.7187078387,34.3235604967,1.2044834612,0
21.489320286,1003.1415286395,36.9189281271,24.9632359806,30.6586834548,1.6046127135,0
25.4909328526,1000.4588931095,45.5888823403,22.7564435852,15.6595388737,1.6840248617,0
22.122957865,1017.199071003,69.622833457,16.1358856622,33.6555824938,1.1064817633,0
23.9348549711,1019.2116948916,41.0823657309,15.3898010027,34.8334610566,1.575520217,0
27.4021171333,1003.672414222,78.5427098934,28.9495446879,19.2911304266,1.760891473,0
27.8882234256,1004.510595552,68.301294976,16.7760233985,23.4275388243,1.4648498037,0
24.3001848016,1024.878985255,49.9554649779,22.3080150942,22.8557129266,1.9378869761,0
24.3388716039,1019.2099982237,34.4603279408,14.2231607486,15.4002344726,1.5174012898,0
20.1196895861,1006.6136571557,55.7015409738,21.4629849596,27.906912465,1.9303511771,0
26.2790638671,1005.0002230278,36.5421180674,23.5162327149,30.7934722759,1.6252115339,0
27.891057373,1013.3397432528,35.6552878251,26.5654712963,30.5460429629,1.696795514,0
24.7682412876,1011.5096543919,48.2204932998,17.0600950194,30.0254623388,1.1984101012,0
23.9518974411,1019.7910018046,53.7852039095,20.7324655947,28.2253061253,1.8954127112,0
21.3005365493,1024.8879112148,35.9426289238,10.2989994221,19.8990701673,1.8110153749,0
26.8718911283,1024.7898558916,44.701985502,24.2048668385,23.1361858271,1.3676580461,0
24.7287630443,1012.5943360931,62.2975765556,29.4578877878,26.47923035,1.4813827117,0
20.6282174875,1014.0134838104,46.6036945412,13.0988357068,25.4319902598,1.8060165046,0
25.5437743502,1000.1256375841,51.3911728319,13.949725633,18.4916796935,1.5168367677,0
22.106908952,1005.246616932,59.9549662551,11.7785904551,22.4449059037,1.5548067583,0
23.3830117477,1014.1437891056,48.2725742327,28.7229267086,28.4678295806,1.8038847087,0
21.4723282786,1007.3981587245,65.8523969354,11.6854111836,29.3781388921,1.1002413703,0
25.7420843585,1016.9954531305,71.5461245411,10.8319191251,22.4601419976,1.5583844776,0
27.3387912121,1009.7869932584,72.2475188636,10.0048174904,15.6084707931,1.9081895957,0
20.7756169888,1015.1602444186,52.574796956,28.7693642473,19.24055701,1.4339352496,0
22.2226631965,1021.7476483473,60.2470406599,22.2818147595,16.8370067446,1.9995051897,0
26.6818343268,1022.3364763542,71.1613179623,12.0608338686,15.0624330271,1.1086074023,0
23.7823467624,1016.9281872144,73.7252647519,24.9843433018,16.0779658079,1.6613381138,0
22.3148192818,1006.3375254027,46.5443543847,15.3959211578,23.8029689445,1.6727136115,0
23.0970440718,1006.2826921786,38.3100268404,16.9894823907,30.1340982022,1.2340281753,0
24.7046899668,1014.2672415394,54.2133099055,20.9995797277,26.3091273215,1.1096281944,0
25.9970060172,1003.3971537532,33.3313999205,29.5215937244,16.2087308988,1.1862449383,0
23.8827591771,1020.754431075,77.5305887371,22.685053069,27.0665113129,1.9098236408,0
26.9632037048,1013.955793757,46.239945769,15.8677935117,31.3164170205,1.3251329284,0
23.76888284,1020.4684497614,36.2307103854,27.1531197648,33.9341583007,1.217140404,0
22.9891265477,1008.3228024058,38.8076956251,22.145333402,32.3140198465,1.6438679276,0
26.1035910281,1018.9871642297,74.3036983548,24.5806748566,21.6531319964,1.0140796633,0
20.0556606984,1006.0031655113,35.040359857,15.2042273587,15.5704004968,1.0082231314,0
25.8886571547,1003.803697173,75.6114811,27.8559187918,28.444682996,1.9848715661,0
27.0226608286,1022.3776556433,62.9622268525,16.8957385731,20.830338563,1.0997309723,0
27.3756450411,1003.5192614443,41.2448402865,21.1626831626,27.3870261187,1.0009430425,0
26.0572046425,1024.6301831478,70.4956560153,19.2041323631,23.1969534624,1.4771297674,0
23.5809909813,1019.3797692324,56.3384453635,16.3343424405,15.7549463393,1.2299614154,0
21.1850713761,1016.3457490957,64.0604628911,25.0430978452,32.8810921041,1.8073709398,0
25.0847478561,1007.5930238398,79.147246081,15.4827233438,23.8430822757,1.9784944647,0
24.7074684513,1013.9238022916,62.789813995,19.9404729555,27.2462257768,1.4167490606,0
26.0583645766,1005.6750324835,41.0638295533,13.2283397538,31.9402407078,1.382824208,0
24.7129498878,1018.0204079119,42.0603387314,13.3628217179,27.3511462642,1.3377559871,0
25.6242535998,1005.5650909135,43.0600085637,20.2380424254,18.3524312768,1.0357483945,0
25.6353889718,1012.3029164272,34.7121533202,13.4338798626,27.2518561655,1.754282333,0
20.1640873546,1006.2343946999,74.5333337946,24.3706263624,31.4225220897,1.8467830272,0
24.8059181956,1017.0458258008,79.6750780198,14.6467109185,24.2064278011,1.0144706415,0
20.9538286225,1016.2272935135,58.3581543957,21.0685912233,24.3860599272,1.3975918693,0
24.9993797583,1019.4954668906,69.1962639571,20.3856016479,22.8275618673,1.2402271664,0
22.2417312559,1001.328015605,69.7790918271,18.3411047247,19.6358055523,1.8339166005,0
24.4282470829,1015.4027700104,53.7162785275,17.8333308576,17.5122540704,1.344561908,0
23.985205762,1011.4407968636,55.9444765826,12.7983795445,19.8483762777,1.0648342188,0
26.10122047,1010.6860480214,61.3321841656,24.5518668661,24.4100143818,1.3759599096,0
25.1203903754,1012.3698588736,72.4566123994,27.4940396865,17.7246730309,1.3012257481,0
20.1485657501,1022.2160667341,41.3450383622,28.5856130337,30.2530697982,1.2341944256,0
24.1701420306,1004.3024963163,45.2715846342,16.429249559,19.1036566679,1.1671958545,0
20.2276591348,1015.7338735657,78.7991559696,16.6242762925,26.4077465074,1.7840617798,0
24.9801269473,1007.8764124152,57.0940086638,11.8248968261,29.501920378,1.2603973587,0
20.1476513523,1013.6402116107,65.3395252198,25.8081495177,20.2350573807,1.33060081,0
26.8840918927,1011.8440038435,69.9789322051,21.6123952096,21.6534597306,1.2745723156,0
24.368790464,1005.3501778294,53.7763260813,16.3635041902,34.3397003606,1.7873258375,0
27.8733196759,1000.4975370935,64.9513707021,15.0582361111,23.0577915791,1.0117650944,0
24.7030855354,1012.5349119649,73.6692082186,11.6800342904,28.6021939687,1.9423344949,0
26.5847002321,1001.0493181561,53.5541425352,17.959061124,24.0267345031,1.4323338999,0
27.8340949249,1002.2158243687,76.1115434919,19.6047342694,31.6036593324,1.4304219081,0
23.2761478422,1009.3682755634,76.2764660823,26.5785978239,17.1624670495,1.0986573767,0
24.9527447622,1003.5922901816,56.1186631983,10.1443989401,28.5438144735,1.978269486,0
26.9928303685,1008.9767694761,32.2743270736,26.9125260023,31.4125478684,1.9979151344,0
22.0686737724,1018.1051228202,75.4017438168,14.7137422866,21.1896315839,1.2812600204,0
27.6274865981,1001.3386162723,65.4636005835,20.6422226767,19.4698862851,1.1908094914,0
24.4227343679,1006.331134076,77.7810689891,10.5726238767,19.8462121277,1.2327302419,0
23.9307927222,1021.8116380815,65.6031710705,21.5992396107,28.8798421678,1.786367386,0
22.0004540681,1010.426218208,47.5235101159,27.1762782935,26.3128976477,1.7047958361,0
27.2406250224,1010.8651913467,54.4046130132,28.5484567297,24.751968761,1.6892297364,0
20.8550670007,1020.5277631935,51.7752513727,11.4469701979,22.5389994337,1.6337790395,0
27.0410508275,1022.1938377354,77.8831737404,27.3541091953,22.6048233283,1.366253006,0
24.812388051,1015.1579236844,48.2512652019,28.0894785456,24.2956841188,1.4935003641,0
21.4271860154,1012.8267355716,70.700836776,25.537206538,29.16047568,1.8620840858,0
27.147547723,1004.8538174155,36.5227818276,29.5120993718,32.8647229442,1.541686824,0
25.1712138933,1013.6340713033,32.5603174595,24.9100617071,27.9541814958,1.4918113223,0
21.3743128758,1006.9678428785,37.9426345972,13.9133259125,18.0622689154,1.5905896577,0
24.8814286099,1003.8493532436,69.6858712893,25.7040573583,20.7733260535,1.825671446,0
25.5823762645,1002.0558305378,50.9132040451,21.1860374415,23.9645316422,1.3273766801,0
26.2475585516,1021.011239541,46.1804734717,26.7731430898,31.7545819725,1.0829271525,0
25.1342032355,1011.7984341439,75.3945300206,17.2637839218,25.0146981229,1.3444280462,0
25.5499303896,1018.9890458479,72.6491984515,29.4571320942,29.3218696498,1.677081972,0
23.8078535228,1024.8443275692,66.4451067895,29.0498260087,33.0580202233,1.4591591304,0
22.0143076268,1009.2580043863,31.011811632,20.4798633493,25.5050092966,1.9114540035,0
21.2937022266,1009.2220630389,51.1978089732,17.210658357,25.4807533974,1.853013559,0
26.4474252273,1003.3052880705,65.6957292042,18.708722578,16.000376418,1.3554366807,0
22.0121043174,1017.3667932399,68.4742693658,14.8957903806,31.9750540113,1.9371124939,0
25.0209589919,1008.04616588,42.3238954788,10.1801132853,17.7545660303,1.1665455886,0
24.2290387003,1014.7529105586,44.9020849173,10.7012989804,15.5269466439,1.3180097048,0
26.3704014877,1010.7933205961,52.6499050415,20.2576520502,20.4700573166,1.5560573352,0
22.6158209859,1011.0622828417,62.3473354169,19.8825148228,25.8840000423,1.7059366177,0
24.2735191345,1016.9725755215,73.6779801136,18.6454257558,30.284912417,1.0710067802,0
27.1368961255,1000.769577556,67.4198178105,25.1758828541,16.082688168,1.4278405706,0
22.6450636389,1002.2579640075,58.1327059836,19.5808145135,27.2497901419,1.7672783011,0
27.2429855061,1010.2367685472,77.6536384311,27.3085881017,18.185660747,1.401898708,0
24.6057544426,1014.5846558082,67.499349219,20.1977989641,32.1658267111,1.9712974603,0
20.9428808694,1023.9562793058,34.5505903441,14.6207227589,29.1022629328,1.4340710818,0
27.4281766003,1014.7574767939,61.5003567723,26.908384034,22.0853144266,1.900963496,0
27.8118622096,1022.5459579111,36.3686018017,26.4744857227,34.8160271189,1.5538360825,0
24.2381993221,1008.0434257465,33.7511044446,27.913024608,17.7905356112,1.6258466661,0
23.2731503033,1006.3505287274,72.9864391751,24.0037651859,27.191370678,1.4739197609,0
21.5496023423,1005.2095919752,63.0651981143,28.2251230367,19.1549854602,1.8711870464,0
25.986550409,1021.7189307634,56.8277335505,25.0375248874,21.9654923073,1.5112957462,0
27.4326108821,1021.8574140056,36.7262746145,13.4557930376,20.8148773178,1.9027760478,0
27.6983323334,1016.3400738134,71.9079600701,20.5040440046,25.4937682419,1.7424575642,0
21.7590639177,1009.2077595522,48.2013734607,29.1887919148,30.101879346,1.2655441848,0
24.574957515,1022.357572333,53.7598859728,28.9023501469,16.4831821155,1.847681198,0
27.9407190075,1016.9848372028,76.8343963334,26.5389805017,26.3828314091,1.9345580725,0
23.4569374049,1013.4704841813,52.3057153563,21.2963662792,15.9593511716,1.4443938189,0
24.7115491881,1003.479695069,30.1693923991,14.9058018729,16.9838906023,1.2150225694,0
21.6367489143,1004.5376990405,30.6990856486,25.4361093696,27.2832540523,1.2852779969,0
23.8074135789,1023.8586487906,42.3675685909,24.6329180784,20.9569469672,1.0712067175,0
26.3894989674,1006.0825481996,66.2706061596,11.366967429,18.8602997081,1.8094732096,0
27.7428793927,1011.9472665237,66.3698646923,17.4142131408,23.8615186587,1.9820446228,0
20.7699719291,1014.7302930863,61.3231927627,20.7615908575,17.3236155002,1.2872125711,0
27.5214085064,1019.051791336,78.625724108,10.7511213948,18.9084517328,1.2423257302,0
25.4302078682,1005.7772230534,55.4501722741,27.7563622993,22.8925813981,1.455735814,0
21.4163315285,1015.8500191854,48.2076409552,27.0473069852,27.2102632818,1.2099318317,0
26.2092149128,1012.1602274748,41.2375019089,13.9034923008,30.5432239241,1.5266422635,0
23.6123708878,1014.4902724807,73.8577450186,27.3549478016,15.3073250147,1.6061935374,0
24.4621180728,1016.283402645,37.7037866237,22.9307019756,30.0104796139,1.7098954334,0
20.3829247912,1010.1965006398,65.2517261132,14.5374103266,27.6155946621,1.3535488542,0
23.859611763,1014.9337325245,53.6231056957,23.9662664788,19.0454636348,1.0058037688,0
22.4076617245,1018.722941012,69.7081354419,14.0493508419,25.0480558696,1.7067652819,0
25.7794673842,1002.1260905327,40.9995563448,10.1762966659,21.8887657686,1.3389362199,0
26.5546700184,1003.2674563437,38.6686578379,16.8175307917,21.9740562169,1.0969513926,0
22.8097361571,1020.9309999879,33.3398538631,28.8468701534,16.7713634765,1.372400666,0
26.2111309492,1014.8981703029,62.2182850246,25.1501964564,31.6641891382,1.5773417252,0
27.1178826783,1017.5076588471,40.0849981316,18.5949076215,16.104352535,1.1285772608,0
25.5796901378,1012.6557759023,31.2816124942,28.4949495173,25.4851585581,1.1216228907,0
22.9071398355,1006.3857070262,55.3345600503,29.3281859225,32.7986211178,1.4752465266,0
26.8368605019,1011.7842027543,73.4314085255,15.8315353915,32.1062892873,1.8890923982,0
27.5026176559,1001.3407097593,55.0484650929,17.4992909815,30.871823944,1.5567983844,0
25.6698286392,1003.3607770709,70.7033452976,22.1221919971,21.7905783826,1.506501201,0
20.6864861737,1024.2381630831,31.9342479129,25.0700780221,22.37241305,1.6221669242,0
24.6817626351,1007.0220818267,75.5110850705,16.0822001469,25.8752491184,1.9321617192,0
22.9962892196,1002.0194803469,49.3645586838,22.0040509419,28.8908394807,1.2845406103,0
26.5538446147,1001.9973421948,72.7742977348,11.8379218415,22.2157680216,1.1528871156,0
20.5293497738,1005.3984551005,36.3926908954,16.2481179536,26.7751892713,1.6562398932,0
24.870066601,1010.2945506872,53.690421748,18.2904165878,19.600009051,1.6513198972,0
21.6196974691,1022.2528784078,72.9523164853,11.5345474386,24.9034318449,1.2749083375,0
25.7343817336,1014.872900523,46.2412054874,10.5074297608,19.2950733165,1.4202902601,0
24.6166195411,1021.8237182602,73.181150046,17.4303915049,30.5029215546,1.1920419936,0
27.2354027385,1004.952604856,31.2903584096,10.4055994753,28.2335012144,1.3200109892,0
22.7159513205,1017.003963669,32.9066895513,28.5823270538,34.9934641048,1.7715464573,0
21.7873003594,1002.0211700411,73.7466662175,27.1750251838,29.0479228508,1.8529561137,0
22.5204477545,1013.09181,54.2686185602,17.0781165251,18.3175584933,1.5769095353,0
25.2599538399,1004.8654813581,49.5358721127,28.9312768596,28.3672140423,1.4481286995,0
27.5002078941,1018.4164183805,52.896228993,21.3867040355,26.8438036086,1.3568886623,0
22.3990859204,1005.3459722374,31.8891484032,10.8602792876,28.5678629281,1.6146428189,0
26.7937531576,1012.0066731416,73.5205414279,17.1889005236,28.9731396016,1.5640849217,0
24.2642444919,1003.4474705433,59.5621452875,16.2957124743,33.9731231541,1.8769189319,0
25.4084480401,1008.9245923035,55.6344036164,23.5149352069,20.0733891824,1.9240778053,0
25.3633241173,1023.281665685,49.8939293739,29.0603235208,15.8401153484,1.484472809,0
23.6826158782,1014.1616651495,37.4692273386,19.3833209713,15.3096491828,1.0024545864,0
23.3256904732,1018.2078877624,69.9385914557,28.9037952225,20.0925373331,1.7753157539,0
24.595427864,1017.391005393,76.2158177504,24.2478805695,29.2605640458,1.3864155618,0
23.2505842548,1004.1709558605,31.1542740276,12.6676247328,31.0457763273,1.3463635031,0
24.7950337781,1023.4286241704,38.3520890669,24.3529117269,16.7795107174,1.8131050471,0
20.2672240526,1002.277110372,32.4563446946,16.694870636,25.6469545591,1.9115968866,0
22.946102319,1001.1387538991,45.0113555771,20.6221884509,20.476850382,1.8191645001,0
27.969161937,1008.2385533381,49.0810522088,22.3607504935,22.8405906961,1.5600039892,0
23.6031206112,1016.166818829,77.6401924125,25.8910458884,21.6461982148,1.3145175722,0
25.6015004866,1020.6567287466,66.5672547593,29.7866657366,32.4997899005,1.3621787576,0
25.8729963493,1002.6018989105,69.466674117,20.6466120517,28.1155460357,1.2094862227,0
20.2431793185,1010.8405646726,58.4755934672,27.5321055674,25.5761043631,1.4393032723,0
25.9686572526,1005.1200381235,48.5532367402,22.6845599763,29.4492262068,1.3991416611,0
23.5835393374,1021.2820553054,68.7827317663,15.7629897807,28.5775646478,1.1622295711,0
22.4794392738,1022.499581922,64.4087218361,29.7194863537,33.8394886429,1.7714848748,0
20.1617401612,1016.7690005428,53.464113906,16.9352014384,32.0853538532,1.6095051224,0
22.9426577946,1010.3915250375,71.6020369609,16.1967954306,18.5926765274,1.672105067,0
22.0175612914,1008.1187652242,71.739924629,25.2361050991,25.6791309387,1.2087458824,0
23.8865644709,1002.149343382,72.1666177446,24.3601242022,28.8693381193,1.5545125557,0
24.8017488885,1024.4242763657,62.1064573432,10.6157313772,33.1093738427,1.5838332726,0
25.3704281047,1024.7547947313,34.5331044255,23.3448965727,27.8018079317,1.1534568321,0
21.6539731659,1015.5407394511,36.4114973652,15.3036175026,21.54183012,1.9411403351,0
21.8171927107,1009.740650434,60.3228887772,25.1067785901,33.3094597515,1.2283308366,0
20.1984746403,1009.5943482589,37.0774425494,24.2077529488,15.8794328324,1.2487432663,0
23.4578166039,1016.6983433864,51.4709393426,18.825756056,23.0288709852,1.9151763372,0
23.3079770965,1010.589645672,65.1313553162,28.8554400221,23.8028841308,1.6096935694,0
20.8846907517,1015.6933183891,39.3373142299,20.2043186816,32.5240672445,1.2794424222,0
21.8477307857,1021.8562969171,38.5505427209,18.5173712177,30.4660808023,1.3511436906,0
22.888797125,1021.3053551681,57.6886977147,24.3573570226,33.0348335208,1.9524512631,0
20.1990070561,1009.4208890254,74.7899428754,15.4927375963,21.0524457016,1.4383327756,0
25.8138786908,1022.3727660641,63.7099687471,14.089334404,20.2898574669,1.0899672789,0
24.5070699253,1002.844061562,36.9387942056,16.0006096119,27.0847902066,1.7613496562,0
22.0998756377,1006.1327624497,78.2895765053,10.1647248318,18.9945703824,1.3423072848,0
23.5228141911,1017.6780153486,59.3834525737,16.3587865941,29.6141376873,1.0111993053,0
23.6645355126,1003.2959154451,63.2172145732,14.2810491245,18.9534187375,1.1160534594,0
20.1848548223,1001.2782909527,77.7129220758,12.8457243722,16.3585240845,1.5088762514,0
23.7189674412,1023.789507736,77.241772651,25.5921728508,24.0992063479,1.947087547,0
24.8232704914,1014.4768131922,41.5950560884,10.9339563577,21.2747051769,1.1146399436,0
26.6953946393,1000.6907958214,71.699538105,12.8057002558,29.5954527467,1.5658179929,0
22.5012505148,1004.4558274728,72.9591099706,18.0704553301,18.3977334961,1.8716168463,0
22.9050296839,1023.7900890625,77.3154449604,12.8979731861,32.2534814066,1.0043739823,0
22.1909745576,1014.9407248299,69.963298298,12.6677723419,33.4418530714,1.5897796008,0
26.15349432,1010.7213590327,67.9227873655,17.4360598255,29.5802684259,1.9813771043,0
22.7958814585,1023.0431855133,76.6481274284,14.8370589413,23.6614901029,1.4501242726,0
25.9544297387,1011.6741852291,41.3900377856,13.9870025789,30.1098931403,1.6886292899,0
22.2586108059,1012.0358836489,32.2197632485,26.3506483192,23.1375812525,1.1697926396,0
25.220215022,1015.3019829551,69.3932359793,15.0776802192,28.7596804305,1.5454881481,0
21.178190468,1011.3141125859,74.0598669778,18.4238275965,26.8050673052,1.5811062447,0
24.0478666333,1009.9660333799,35.9815219758,18.3341732769,16.975381028,1.305381482,0
27.4043546069,1009.3926451345,67.8929061036,20.6049505273,20.2023196603,1.5300884969,0
26.6505925703,1009.1261423369,35.0105674525,23.4742329544,24.5058595313,1.6273755044,0
27.8353589851,1011.610072658,70.8749128263,20.155683739,33.6084698636,1.7858004652,0
22.3700460265,1013.6252103931,41.1948616653,18.8783339609,31.6328008034,1.4146200624,0
20.1416355606,1021.5443459947,38.7139339251,22.4376392778,22.9901295052,1.1006936011,0
23.389545216,1007.6787487548,75.2544061694,27.3868021581,16.623755741,1.3363687119,0
25.3766751248,1000.8029939017,36.6699617589,23.7274446555,32.1517535152,1.2154819828,0
27.9884819879,1010.8269025647,65.1482831772,13.6532609771,29.5221213674,1.828897112,0
24.8273406278,1009.7280752404,57.8821196672,21.5352169487,23.0546473973,1.4009027226,0
26.0888847079,1012.0634601867,77.015807662,15.8735282672,30.7391362096,1.5470281464,0
20.426721304,1009.964991568,43.5366866211,29.9867024566,32.6899306959,1.3409164092,0
24.348275027,1021.0133969987,74.1684149015,13.2078775001,21.7044636043,1.5982377599,0
26.8385604239,1009.5393596956,67.0017972492,22.554008272,17.8211959898,1.8545651689,0
25.4868359392,1000.4469621009,40.8116447195,11.3895996977,30.1295535768,1.8383378206,0
24.4440718272,1017.2492253036,78.5700924304,11.673619765,17.5220539197,1.8514386963,0
27.2500338939,1012.6592918386,59.7052319138,24.162946692,17.4302233908,1.4812761505,0
23.6049874009,1010.5974937999,55.4605792623,28.9010110679,34.0635507653,1.7241359788,0
26.4979163089,1016.9782207834,60.3461140113,21.2962556217,31.4329319433,1.848587657,0
23.3125489555,1006.3424207499,73.4884284007,18.6404959927,20.2680722391,1.4954591929,0
20.8018260531,1018.8593988881,43.8037568035,18.8729129321,20.7331849689,1.1515879119,0
25.177276489,1022.9356463201,63.9918379879,26.2204337858,20.01463652,1.7151056136,0
25.116430611,1016.5941684031,50.7100277152,10.8911326324,28.5742647243,1.8997596154,0
22.6892773199,1007.3580436058,73.639816254,25.9397530952,17.6146947892,1.6562279904,0
23.0803299027,1020.9118297917,77.4977504666,26.1127385055,30.7737285846,1.1671000878,0
20.2671456389,1009.642917819,75.1779651849,14.7797317551,34.3964157048,1.7857821504,0
22.5709596459,1000.9371989218,75.8901270105,12.7928466042,20.4810841486,1.0499224857,0
20.9244535907,1001.7841753472,68.027905776,19.7113240457,23.3673782026,1.9107518127,0
25.725411841,1022.1170594356,45.9824013794,17.6221865202,27.4725189459,1.4006578484,0
27.8894424929,1020.528090653,51.7490098944,24.5458495448,17.0033865247,1.4029728001,0
20.1322969965,1020.3698000409,47.9596701195,21.6083633156,18.499936575,1.6086875279,0
27.6022724014,1024.9687508598,48.5930057667,15.9760612817,34.9722285407,1.7951407225,0
26.2539668705,1008.8834927055,58.7135190129,26.6611388253,15.4232762796,1.1444756966,0
21.8637776966,1022.6372369373,31.8446644455,14.3960142392,27.3376814393,1.2182694829,0
21.3139285378,1005.9199508649,55.1264813351,15.4235557142,24.2773044286,1.7292664058,0
22.6307623057,1016.3372233015,43.9797185262,21.4148748347,33.5601748355,1.334856951,0
23.7141313623,1023.1793709434,75.0693428405,11.797565602,24.9101835466,1.3455808733,0
21.1870830257,1015.9010088783,77.474771587,29.9346754059,26.9802527423,1.1174620728,0
25.5165152884,1010.2210915431,40.307308014,18.0550723749,28.9081429718,1.311405645,0
20.9686503859,1021.6164778473,54.6722139641,21.4429375557,23.2098622908,1.7451327485,0
21.0164501229,1002.596844757,65.5072518798,14.176740409,24.50454934,1.7085791251,0
24.9874543475,1016.1099040571,65.7027165328,15.8522545485,23.7599549579,1.984937869,0
26.5124154114,1004.1163672064,30.2797077941,10.8556653649,17.2858257167,1.8579952227,0
25.8940017673,1005.3902265771,49.9649628013,20.1578841906,31.7824320621,1.5092452505,0
25.5541979715,1002.7950092809,58.2644479977,14.9738361894,27.6810101661,1.0521850578,0
20.0818708513,1000.5539883886,30.4174868757,12.2071011312,19.4244302836,1.3060061052,0
21.0193662669,1013.6390636042,72.8978727699,23.5612075358,26.2323231958,1.7281044924,0
25.3323076424,1021.7702606194,73.5052729172,21.5787311881,27.8314059113,1.0056521048,0
27.9359760721,1004.5723443082,53.512449283,27.4405946969,24.535904478,1.3950763254,0
21.4170836383,1009.0906937193,48.6732108396,29.863415792,17.2957255732,1.0517454797,0
20.2415361227,1002.6333473561,78.2742828504,28.8172709579,18.2334467111,1.5155469941,0
24.5576370563,1005.539835761,67.8311394045,16.1910633881,28.1344541291,1.7899120017,0
26.5433170084,1007.2620401402,46.9857271918,28.7191030746,15.8430083393,1.8012099002,0
26.1733448505,1022.9882657228,56.6600332185,12.0012934313,30.5679122871,1.1726574011,0
20.0983252892,1014.8413144862,74.3367195973,23.41326632,16.26067305,1.8140682874,0
22.513932164,1024.3381637959,44.3968874086,27.7860944766,30.1531523321,1.1200027496,0
24.255773876,1008.9199063914,69.6108516578,25.1625841299,15.2966032486,1.9384620531,0
26.3144035929,1003.2548614968,34.063955242,10.4169047962,27.5934530372,1.3980431741,0
22.6552502792,1015.6106231796,71.2804336254,28.7354789905,23.5334796123,1.8562993267,0
23.9248775065,1005.4171660926,38.4861719874,10.0031548916,17.2219441769,1.2978763315,0
24.4830388811,1009.9489319324,63.7336996012,11.1127731866,24.9842300707,1.2958133628,0
20.5362246323,1022.3929793687,64.5909293063,12.4323631364,34.4974506686,1.4174560711,0
25.613848326,1018.908294662,68.9981101194,19.5575461131,15.2205616854,1.6033078784,0
21.6252314975,1022.9900854855,75.7465950885,29.7836832873,34.9556877564,1.8422495852,0
26.5842264704,1005.7735089805,34.92187745,29.5884102736,32.4178358094,1.0210248072,0
23.7269704696,1005.9678670984,64.4920641718,21.3112865114,18.2525659263,1.185604064,0
26.337778778,1010.4017558888,34.6715933421,19.6868580454,17.5787461084,1.8595277052,0
27.3969002587,1020.6564432333,46.7038608709,15.4489288222,29.4370632107,1.1315707119,0
20.3943359922,1017.3588972249,71.6112891752,26.9269755973,34.0803160824,1.9138147983,0
27.7424970959,1021.1789364251,45.4879281629,13.9243130234,24.0602950076,1.1000316711,0
22.0619204905,1018.794973613,34.7493322489,16.4152882804,27.4518759313,1.8606044903,0
23.5803378837,1022.925542797,53.3934956817,15.5008051788,15.0749018942,1.1071566969,0
23.133822109,1014.7317940309,43.7842948451,13.5044858473,33.9358234456,1.1555903244,0
27.680101258,1000.9446055453,78.8816168275,10.0928896617,21.1465036198,1.3169452886,0
25.2344505723,1002.0008142442,42.1164905727,25.4735869296,33.5593812357,1.8698123658,0
23.5916434998,1024.4812069676,77.9917190699,16.5827341111,31.9522274843,1.6242904008,0
20.5814585247,1020.9177680146,38.7272941752,11.4162940277,26.538442772,1.9742425255,0
23.5159401006,1001.5111730746,67.4557789513,21.3034651245,21.1853775758,1.3386796045,0
26.056094942,1013.5973424123,73.8423887077,20.870878293,32.0218376446,1.2068410381,0
24.9880624796,1008.9429191236,72.2202806146,19.0659947729,16.9107241527,1.9832414365,0
26.4676823158,1003.9985200592,43.8882024739,16.5963161771,30.1398951898,1.5098740563,0
26.4865643027,1010.9269520689,36.1940282648,21.2888368331,30.8598730279,1.6468056603,0
27.4444962163,1010.7085698609,46.5697069471,29.5448313,21.4608716924,1.415078129,0
21.1927654294,1023.9454830953,50.215621561,27.5065816528,25.9574162127,1.7642204838,0
24.647311186,1015.6397395868,32.5860441277,14.2207666042,20.7782863161,1.5661859843,0
24.8971985729,1013.7312817845,43.6514397838,14.8901499469,31.9814174981,1.1865110125,0
21.4176750386,1021.8258900382,67.1365431882,23.1879815981,20.2395112856,1.797239575,0
22.4142337851,1021.189119907,67.9465974307,15.9416109976,18.7190689078,1.7227620328,0
22.1400948588,1020.5014841437,79.7804355757,11.5323962786,31.0412511862,1.7599971583,0
22.7919594824,1011.3463313921,59.7484178671,29.4788116715,33.4628777543,1.9890744655,0
25.3621094946,1011.587787009,60.6695214032,15.4506233808,17.2710908769,1.3476717415,0
26.1028438232,1015.19927919,35.1292280166,27.0447304995,34.2171115357,1.1751748637,0
23.7902668985,1016.2124399387,31.4132350525,10.2982052831,20.0332887009,1.4874404738,0
21.1042208715,1016.8347894779,59.8069030848,15.8892819768,16.5529583071,1.1539743512,0
23.0145568492,1015.7045651128,57.361871394,14.6235176627,27.280623969,1.7532134387,0
24.4272002147,1009.0573249579,48.2525638771,27.5883462053,34.7596528884,1.6811376991,0
20.3039826984,1015.1382318723,54.2389030045,12.1155781379,32.8062891243,1.4134165752,0
20.5814572467,1017.8530381851,65.1425411698,22.2808721395,23.6756880441,1.2333954517,0
27.5300725134,1014.7198632295,45.5596222177,18.9935970177,18.2323212146,1.6795080227,0
22.5239136519,1019.8125420465,36.5226743589,25.2537234091,15.2518522533,1.5813392169,0
22.8146151767,1005.8148659241,60.844289163,20.1800436707,34.6643197331,1.4428705061,0
23.9291277531,1017.0619766559,35.0787272118,16.5670414762,16.4672151903,1.4852532546,0
26.2781945693,1012.1373972792,46.773830528,11.6470598067,20.4253717297,1.9771877391,0
20.8905145718,1005.3031349681,53.654726905,29.3722763069,32.9645838633,1.9920384738,0
20.8226625285,1001.3243226512,72.7801313527,28.5452974041,17.2685485349,1.1045075626,0
21.6753585344,1024.2519154728,63.393011112,25.5710605104,25.7014749956,1.5958075324,0
22.5163687808,1014.0277527192,56.6754293067,26.4690610752,23.2208513084,1.099763004,0
26.2146509556,1009.2854227998,31.9695081445,17.2649235712,17.3850033536,1.0776724133,0
27.4400537587,1017.6784379484,46.4856087707,17.8150069542,27.0294220176,1.3891646165,0
23.9025078545,1024.746687101,40.696143525,18.3571237304,30.3022302088,1.292445461,0
20.6511225331,1000.2858169168,51.3725266621,18.2067518867,24.396041514,1.891229441,0
23.9285435972,1014.9793908803,34.7834355214,17.6583281466,26.7901076835,1.6256671806,0
27.2832887166,1006.8497650118,55.2558359235,29.1738130782,29.3932785119,1.6796751311,0
22.8097570453,1007.8469843371,64.2104835294,14.3108657021,18.7634929211,1.97005736,0
23.4536238293,1024.2337403605,37.0161759884,21.7473355891,30.8014825393,1.112607149,0
27.296515623,1004.8657411801,60.6488670795,29.7126724018,34.1312785712,1.1055756422,0
21.5067749863,1012.5123723769,69.6614839137,13.0030728837,21.4715520808,1.6619177302,0
23.7359953563,1020.3008323257,37.7959254831,25.7989653953,18.8810776049,1.8549256565,0
22.0214370219,1008.1797901457,56.8560374143,14.2314561298,30.4727329001,1.4638297318,0
26.1986221332,1008.4332382776,61.6553411359,11.0042624292,18.0530596,1.3554494636,0
22.2524309018,1021.0222244178,32.5072011536,17.9321759867,20.696007485,1.7509283935,0
20.5113853135,1017.8671862359,56.3649566564,28.017357888,26.4832399922,1.4895609062,0
23.6488431961,1005.1407368883,67.7854961246,19.0267206548,20.2161685439,1.9407170796,0
25.3076665841,1021.7818226904,71.3740479879,17.2023543098,18.1252267962,1.2304219718,0
25.9498945196,1013.2014605473,50.5613681316,15.3759419233,16.4342104177,1.2172574005,0
27.768579669,1024.480954208,62.7463867386,27.6021333441,34.4408418835,1.1011251882,0
20.897692314,1014.3281980818,69.0487200359,17.3333435575,23.6884027624,1.4659667482,0
25.4322973234,1020.8056445126,52.9384144978,21.872136521,27.9183305281,1.0490535726,0
27.0922453656,1014.0570625692,42.6049329781,29.0977942002,21.6338050335,1.2444522103,0
26.6627923327,1015.3602502329,75.6622809744,14.6393690432,15.1217506195,1.9983069304,0
25.5597221505,1007.7098647991,73.8429291513,25.6344453198,31.3372096108,1.1496734646,0
21.8106467179,1011.7144951094,51.2433963534,15.7777459875,30.2446157928,1.7777915804,0
22.3674957414,1006.1202240353,40.8832938033,12.7339014898,27.1080074391,1.6802133709,0
22.3386664903,1008.2577751349,64.0757267721,16.9889528157,22.4867230739,1.0883127212,0
26.6411112182,1021.3277847289,40.9875150083,11.2954439905,19.2305725173,1.0641352522,0
21.8101566781,1019.8225569582,70.2198223458,14.1416964978,17.6847683819,1.9921717144,0
25.24475161,1013.55241273,68.2749250203,26.8015431938,15.3307889858,1.6549053021,0
23.0060747824,1024.5620662765,63.2702396319,29.1309781746,32.2791405623,1.9895648082,0
21.2615093766,1012.908495471,69.6422266919,18.6528496121,34.7271159101,1.6040721006,0
20.4363172854,1021.0552520053,62.408402449,18.0804020573,26.8333764119,1.0012036139,0
24.9287884972,1004.7254266834,39.5943774859,23.0654313167,21.2681112295,1.5801763698,0
25.2941212378,1018.02839634,42.7615608459,11.7849950327,23.523030969,1.2177290342,0
22.0539328107,1002.5222200527,60.2785136947,23.5974574789,32.2226048609,1.1344570408,0
22.3152410456,1016.5607493355,60.6560986871,20.6200625949,27.7478170075,1.5860163775,0
26.2288108696,1006.2176788992,63.9091292295,28.0438823677,30.5820837468,1.0595261969,0
24.652066477,1003.25473373,78.3659586115,26.228150054,17.435039953,1.3448891742,0
20.2792468726,1013.5410376958,49.3922549843,12.0215298474,33.3015353056,1.82242231,0
21.7319245381,1006.589323773,40.426377015,25.3012686273,29.3367441347,1.6386990949,0
23.1012792045,1010.6440403733,33.7660716084,10.6291439049,23.7685778402,1.5576612476,0
22.2190065067,1011.8973127707,53.5380110834,17.7685444246,24.0232800738,1.8955201204,0
26.9298689829,1022.2605550945,43.5002498233,10.6996497662,20.5741469124,1.6492427328,0
20.6536316768,1003.3844649003,37.7838062771,22.6084349634,32.1928782113,1.2017045574,0
22.4781798778,1006.0080720186,47.9380783733,28.2933021485,29.7638379465,1.0288579133,0
20.513563888,1013.4480757817,65.939451741,14.3066105506,31.2133154697,1.7464192328,0
23.2322396026,1016.9587657364,68.199852466,29.8385323662,23.2208156115,1.2040730584,0
25.5471600208,1022.9261397539,49.7302475831,13.5968889367,24.1010340962,1.2335790831,0
25.8878759101,1000.196123031,56.9615263668,25.8753361406,27.0658302122,1.6550246964,0
23.5667970736,1008.6644496969,71.7962036514,25.16891914,17.0603838888,1.0942759779,0
24.6629548895,1001.2915543957,46.8463437482,25.0639940383,30.2661615436,1.2458271326,0
25.8305774407,1018.6944159568,49.8726962834,14.2084096748,33.42795176,1.1729224976,0
25.4620553979,1010.6800756821,59.5764398678,24.6812807005,31.2796794915,1.61507334,0
21.2063425267,1020.8987277728,76.795279266,12.7393024762,20.1777748394,1.721629636,0
21.1270809646,1021.9256817815,39.0486531989,25.945180513,21.5654458712,1.1676142561,0
25.2951244376,1013.7607596987,36.1042710826,12.2539572088,29.8753469475,1.0584309909,0
24.4821606048,1002.1169038811,75.1872885304,28.1423483836,33.5237784288,1.8285385759,0
24.5576628046,1007.6514799554,40.8899557558,16.5440004408,18.4531307166,1.4680608628,0
21.8644007882,1014.7160917429,76.1588014228,24.9617873141,26.6544295197,1.1865638596,0
27.1576836434,1006.2134000503,34.5654438789,25.0003035846,22.4379199908,1.1370679425,0
21.3856290461,1001.3602531938,62.8328478311,26.7401559161,32.4915295344,1.3253904236,0
21.2058959442,1015.5139798855,50.9934795435,22.2656669368,25.9140603207,1.9352503144,0
22.3925144769,1008.9790984659,65.8851680855,22.2261103411,22.5229462002,1.419389838,0
21.4261984666,1023.1107522946,68.1159380847,19.6271166422,32.9456534427,1.2503730507,0
24.3416099781,1019.9752592838,31.8127447721,29.6803630039,22.1846228124,1.1743567077,0
26.3325912714,1023.8853541187,50.6822377423,29.0484138951,24.6210225495,1.4349841792,0
24.4697872657,1001.4511584255,64.813173765,11.0564928897,31.4989385892,1.323662781,0
23.8504830285,1014.9165726733,44.3676830871,21.8497280926,16.1098144214,1.1011510579,0
26.3380056013,1024.0357828096,51.3483099641,20.253679069,26.0206270536,1.6112143312,0
27.4660693406,1004.8924634826,68.2281859029,10.4700484564,17.2149701566,1.1735369196,0
22.986439921,1010.4380701527,45.029556139,23.1324389895,23.0119074821,1.2707227582,0
26.832006588,1014.2909930818,52.7505516153,12.9927344302,20.5698400671,1.8840701094,0
20.6712203346,1012.9163372315,41.2529172757,18.2155417905,25.5502903978,1.2078883541,0
26.4025988753,1015.6129503841,53.4032730213,14.3496870773,34.1968685348,1.4006992812,0
24.1713763388,1019.4747126475,47.0054468251,13.5741224187,28.3040820696,1.8819875908,0
22.9693929655,1001.8838724057,77.9174291815,18.7002385487,28.3261064626,1.2052575297,0
26.0411444009,1020.0937993576,57.6487793009,19.7712232117,16.67903323,1.3108461555,0
27.6292516077,1019.5905685611,62.996214763,20.3529617804,34.5691334437,1.1069256024,0
23.9503911657,1021.8499502903,74.3645500889,10.2193183211,20.42968435,1.8477902704,0
26.9109340479,1014.9057769961,58.7216878648,26.2624054524,32.8021094689,1.9676470927,0
27.9691746475,1002.91361525,72.4771879777,19.996445155,27.2614461977,1.5064611188,0
26.9671245602,1005.3365379035,51.3194947385,28.7896177543,22.1673526466,1.5194527665,0
25.0559307531,1020.0173200229,52.6051102882,26.3496187018,21.7696102074,1.7177222547,0
24.464391805,1001.4153743284,38.494143758,15.7059544178,28.4684160049,1.755681777,0
22.1227397985,1007.7505461554,56.3954913972,14.3185120188,16.7073755865,1.8494222695,0
24.9267511554,1007.3082378961,51.0380103888,24.1338876069,32.8627743676,1.9981978793,0
20.0280373082,1000.6907438952,71.1920257586,13.9892537367,19.7429614647,1.7305662704,0
24.9946842124,1005.940530439,55.163522405,28.524282108,21.4637956966,1.7086204004,0
20.4995948453,1000.8790178322,38.4203974505,24.557117361,25.2297353842,1.9208861578,0
22.7516849087,1022.703301414,77.2437820955,10.1225729463,15.4931211141,1.5184075447,0
20.5995521016,1002.7569182069,49.1754512246,28.8046838575,32.3523773238,1.0432136996,0
27.7945410976,1000.4293247666,77.3825826541,17.373548477,28.7831446345,1.9656257228,0
21.2874960896,1004.5311951517,58.276945731,22.7460965286,18.6210072094,1.6387392563,0
26.776375351,1013.5016428821,50.7138423795,29.5436581319,32.337471656,1.675354627,0
24.3915094281,1000.0877712728,32.000982037,14.017024321,20.095175904,1.3600654936,0
23.3643015206,1002.4716584614,32.1180965976,23.4788889815,23.8828840444,1.8276794072,0
23.4215432729,1016.0279866263,77.6786111918,26.7924899172,27.8943367563,1.5605221849,0
27.8506263291,1012.9578778801,76.3819149595,18.1466984101,26.5844007046,1.5867547967,0
22.1965815654,1000.8120330509,71.0426652347,15.5145927396,20.7643516591,1.9739355741,0
22.893162622,1015.0344052861,60.4990746407,21.2094696435,28.4888214273,1.8623803845,0
21.4485031929,1013.6059189403,77.5275185972,22.5079525976,28.0712145109,1.9444878798,0
22.1833738203,1004.2415270314,54.1995375166,24.0372485365,15.0820290086,1.9688593355,0
25.5597396848,1010.0331360985,39.6288048673,17.1217934751,17.1261164263,1.9976503384,0
21.3129155168,1001.363063972,46.4865553573,19.2331836152,21.028498236,1.7742605684,0
25.700623546,1015.873787894,49.360892854,28.1808188263,18.4727862525,1.525631028,0
20.7300045543,1010.9112099706,59.0895632389,20.4414714227,25.8489161215,1.2060174043,0
25.2386508672,1001.0849173539,33.3208202241,21.0365644845,15.4469357685,1.564849171,0
25.6267276362,1005.0619641035,63.4129718604,13.649526622,23.2391935979,1.9950527525,0
27.5025357219,1000.1070439459,74.2719382181,11.3298159035,20.636513582,1.0916382052,0
20.8981820666,1018.1685141307,77.2166117874,22.2149698991,30.2393948919,1.0452296309,0
20.0149819514,1008.7662320739,42.07321141,11.246354501,17.4899779654,1.1402672135,0
24.3011877119,1014.8276488778,57.1744728854,11.9811286843,16.0254066493,1.1885989313,0
24.4930602663,1017.3202098462,56.6059930102,18.6847339322,31.8338353619,1.7342183395,0
26.0598585979,1010.4800001818,44.8650299613,19.4108297209,15.9186006446,1.1871450315,0
24.0334145627,1021.228415904,41.7821166,28.7032402149,34.1780920969,1.3638250408,0
20.581471288,1014.2204682942,57.9340721969,26.9995153422,25.1631461312,1.1859017116,0
20.0383985985,1012.7278423122,57.7759333351,26.4987695963,33.3293669733,1.8403362382,0
21.1864138785,1021.3834032576,63.7571927222,13.4046606488,33.5300123809,1.4625349433,0
22.5078023195,1016.626936,71.9814693784,17.2075624311,34.63835569,1.8972041309,0
23.5100977652,1005.8519050996,50.5931732693,24.3218383566,20.4093821123,1.4323477383,0
26.6195658878,1000.6165922075,63.7661763404,28.6499174903,28.8726968146,1.9622780602,0
21.8794335442,1002.5082763303,37.4141268948,24.0407133696,28.4847312326,1.1697769398,0
24.6460887356,1012.092011144,66.4417073561,18.8272015737,20.8695715472,1.2657463762,0
20.7586435108,1008.6714252732,31.8284906181,13.7282769433,21.5093797735,1.7168841756,0
24.6494827419,1023.9674435341,31.0719933312,24.7730530118,32.2454345871,1.3268203063,0
21.379614719,1015.0327090954,65.609399099,16.3414753873,28.8184114014,1.8540155305,0
26.1723994823,1001.6166385963,61.0562649545,14.7065110192,34.1377688527,1.4045164031,0
22.3321108668,1005.8601436102,56.6257434878,12.2849690652,15.0266727898,1.2199343138,0
27.7697503197,1018.1810579893,47.4826690231,11.8569017306,19.2689576265,1.8353623542,0
24.9263404168,1015.8447104886,57.0515144531,28.5453126526,25.2544640215,1.4595870059,0
21.4924632976,1015.908607883,55.0046167891,12.0660095563,24.592639124,1.5663907206,0
25.4522800017,1008.4757137436,58.5705696522,18.9475964528,16.0115113216,1.2959926251,0
22.6094804902,1024.022935789,39.1347406356,16.2249050516,32.260538963,1.7438652809,0
26.8509927857,1007.7504088956,49.6375091769,17.1311244738,15.8869372391,1.6794085576,0
24.5235479965,1010.9072339824,56.9974113611,13.9516917166,25.0340596835,1.2608351628,0
26.9426280173,1016.1060350207,31.0170415534,24.492626738,34.9476225363,1.2973437475,0
22.0592898416,1009.5360270526,47.8083482657,17.4467563677,27.422668137,1.8459812924,0
26.4992198723,1011.9120801964,72.6364982639,14.9429014006,27.3841585006,1.5671645463,0
27.1947152721,1024.2481393392,61.7226569878,25.281111797,18.2143116978,1.4313654564,0
23.5677221632,1007.7151920409,60.3678191739,13.7033009083,18.4759771427,1.3303576887,0
21.8491227361,1022.2247909639,32.7476726934,13.5322738515,24.6213438169,1.007252428,0
27.9045435357,1016.470867509,48.2703065451,19.4086449533,21.8974756739,1.8828117989,0
21.4730401846,1021.0090376346,36.0778314759,14.2998444718,17.8162372419,1.4594387466,0
20.6213268942,1023.993170951,73.9496153879,25.0936504174,19.4025884167,1.6899911964,0
26.9580739965,1019.9227891436,47.3247531588,25.4879707403,21.5718432606,1.935076616,0
22.3280269072,1013.0155616293,49.5666418233,29.1985624117,30.5709164285,1.4356064975,0
23.0253745156,1018.6936455233,75.6447990153,25.0986346614,32.7661549488,1.5762294118,0
26.6514849543,1004.709869185,69.2255067839,21.9232559582,18.4394080369,1.8328430929,0
20.1538536277,1002.8050341691,79.5282606378,15.6078835718,18.6506310202,1.7528694445,0
25.2622272579,1014.5280599982,56.4949587903,26.8688088733,23.8494185399,1.5959415957,0
22.0043553942,1008.3460516086,53.5625358312,10.5354117141,28.7185844142,1.864790222,0
25.5573760292,1000.2025235412,60.8356165384,11.8744973212,34.8301537656,1.6827795002,0
21.8985132872,1010.9399435939,72.8047666118,13.3484589549,23.9086735057,1.3758839548,0
27.4218582383,1002.3614262817,48.5402098772,24.1790824686,28.1282626846,1.0559802849,0
20.968125734,1023.2496195784,57.587544147,25.9269155096,26.8531729577,1.9457379594,0
25.9805970884,1018.2635657874,32.3176634717,20.9933933801,33.5568453321,1.2698334533,0
23.2907699911,1006.0842428352,36.4591958904,27.148296933,32.2272543791,1.2820423548,0
24.3818995546,1002.0804425685,75.7625942015,18.0852543013,21.0551074124,1.2517593865,0
22.9988181824,1019.9986762146,71.7127751793,16.0836495526,32.4763955256,1.889144962,0
21.7534747652,1016.9634811054,59.1275848192,21.0588149638,17.0314428729,1.5382527463,0
26.4903108316,1005.4110770853,70.1464920687,17.9927696499,30.1797288089,1.5147673741,0
20.5110062709,1008.910446379,60.0538399503,21.1223108297,23.5809598794,1.4558825884,0
27.6260388458,1021.2613229446,37.2616434538,10.5956157464,25.5349949976,1.7807179957,0
22.517511791,1012.0476892209,78.4331456573,23.4429737386,17.6645349597,1.7667116744,0
22.3630160307,1000.5347211669,77.2087181753,13.3942683279,19.7426320477,1.4220052508,0
27.363118652,1021.9796229445,52.8447277491,18.2179980998,19.8690802394,1.9392241362,0
21.493591879,1004.9600182312,53.6230164427,19.8322668968,17.9590947755,1.6837306935,0
21.8273476547,1010.5753611561,57.8672532358,27.7718498925,17.6711653173,1.7467216017,0
20.8788780564,1010.6170872924,30.8892570631,10.6711836329,20.963945963,1.6021543061,0
23.6314636939,1010.1983842764,54.8622740095,10.8087766243,34.9660631147,1.1203829648,0
21.1486197076,1016.5256764559,63.0720419225,26.9584832456,23.9937934674,1.6882846704,0
24.1018917623,1011.8912746113,62.2548722821,21.1494909795,27.2570954793,1.6428035088,0
24.1579398915,1017.0449202821,52.4740982593,14.8334245195,26.1992829429,1.9720489648,0
22.8918266728,1009.8533310707,40.0899790671,11.4106859047,19.9936212868,1.6877730355,0
23.7698934983,1021.9088028257,52.189742049,15.6981724608,32.231285685,1.0259610184,0
20.7198844508,1007.1636849639,78.6129900871,21.1703230632,32.7743218923,1.3152386284,0
27.52975623,1021.2379416548,72.183418771,20.245694861,18.5870671853,1.9838459228,0
22.3276674441,1019.8588082312,54.5239203604,10.7961136644,18.3713828878,1.085664194,0
27.57493918,1007.2930971795,41.3232345839,12.5827280813,29.2380748488,1.4994045614,0
23.7978222822,1002.7505310748,57.9920547792,14.9383299022,30.9316188003,1.1513412587,0
26.2826535291,1003.051344177,39.4666876749,14.2304103549,30.7411330798,1.0846698143,0
23.7163077082,1018.702756029,41.0831921544,14.3984909608,34.0830745424,1.8076596016,0
21.5054733533,1005.29953802,47.0112620761,16.3626506267,30.7814796576,1.1859632241,0
27.2762044749,1020.6967594877,38.1820920664,27.4234066392,16.6173949166,1.6538046594,0
20.7594560765,1007.9712952234,79.6407231128,23.5685333402,19.2583457121,1.2769016897,0
21.9911870815,1005.8636025187,39.6377160944,21.4951138131,31.406900301,1.4646270709,0
20.1092626914,1012.0420580614,32.7919110438,29.5544702375,24.8022295327,1.5924454408,0
26.0701100056,1004.7679313251,58.4104170394,26.2842179677,31.0598403573,1.9376821022,0
23.2441692416,1014.2192275631,69.5329763023,23.9427962789,15.2735530221,1.2810279263,0
22.0985268013,1005.5632445625,65.4561920408,11.6951894655,28.8685168403,1.2528337832,0
25.0308846828,1019.0542776371,73.8242806544,27.0427912771,26.6276979067,1.8085132733,0
27.1573409945,1000.2906650321,78.2951495933,19.4706032569,17.5440823868,1.271460663,0
22.333270164,1003.0813904988,70.2881916272,10.1848462916,18.4882108643,1.2542524026,0
22.0719876362,1012.2084535999,62.634451967,12.4260940913,19.9434948919,1.3971524999,0
24.791920725,1006.0385703179,54.5229762579,11.4823834877,24.3746705364,1.1368803197,0
25.5008114314,1024.8225872725,49.7823410598,22.4911727183,31.6306994489,1.7374894845,0
21.025080322,1012.8025963866,43.953013859,13.2232737579,17.6202910887,1.4562400441,0
24.2491570605,1003.6593984667,36.9885830547,21.6683087052,16.9250116648,1.8694591165,0
20.578176098,1021.8971430342,56.2142991687,18.1653354785,20.9423431626,1.884803081,0
25.7903618414,1016.7430751958,69.9374574476,15.1422932601,24.2013247792,1.3092561105,0
25.145428935,1022.0553102954,50.1075238097,11.3324417473,21.9194497561,1.9510329247,0
23.884866544,1011.6547557539,62.7292400096,12.0699500719,33.37958651,1.013444044,0
21.6370037805,1017.0709316507,68.2199601281,26.7971914535,33.6205719256,1.6965390224,0
24.7739109022,1003.0685013669,78.1557329692,12.4575115979,31.2725576045,1.8381491654,0
24.125889507,1009.4248308842,76.0922749774,10.7250463503,19.6163557038,1.1391966134,0
24.6417517095,1022.2026979753,53.6769823449,24.9313334761,29.7298841743,1.4468342305,0
21.3850035133,1001.1952765926,42.3229934819,12.8639500776,18.6989067442,1.0359898289,0
26.6525559869,1014.7862482861,47.9042650947,27.8845608548,34.6064414546,1.183464254,0
25.4325527918,1019.0845314946,51.4671391685,27.2326521249,20.5767516716,1.2108778406,0
21.9098304953,1022.9408297731,33.9054844376,18.5483024038,32.973861076,1.7533881149,0
27.7663279246,1019.6775283134,78.1601320486,24.1454145189,23.0384037399,1.3507185095,0
22.1870713449,1014.4349816783,76.6750938351,10.6996374703,29.4545455609,1.9307112223,0
26.0978604964,1013.0102191171,40.2133776617,20.9047143665,32.9133842528,1.1952669352,0
24.7974905138,1008.3043364883,30.4602833695,14.0044187158,31.8543824708,1.2846979689,0
27.6794925744,1009.4771680762,30.4792820072,15.6769229669,17.0561712347,1.5932594702,0
21.514781789,1009.031069851,73.1008858065,18.4867627959,24.9587610679,1.7503889271,0
20.5854007901,1002.2369595746,62.5986856961,19.7388142648,33.3254167469,1.5964100266,0
24.0055730224,1024.5402663911,71.5542203678,28.2347541655,30.4505284633,1.2087425334,0
27.5541292772,1000.482610418,78.2694351832,12.9852379398,20.5184510614,1.2167577113,0
24.6841123398,1008.7023886877,62.8696519747,10.3129463588,16.9932230546,1.8147961727,0
27.105423283,1006.1202685015,58.718486212,25.3672998539,23.1801547347,1.1348748464,0
20.2078583498,1003.820145233,61.3426810627,11.4723652307,21.7570777139,1.1916992712,0
27.2901583119,1000.4824783057,62.6715962087,17.6881786183,26.7738344073,1.8472094876,0
23.9355230609,1020.5634004728,50.3006268094,29.6937110783,34.3190041023,1.4736911323,0
26.0436304746,1022.0072815753,78.2072897933,16.4910381207,19.2129119527,1.1798481484,0
22.779178894,1023.2839591802,37.3045349887,22.6480179027,17.4147670542,1.5629815045,0
21.4974288719,1020.0155914103,78.6078254767,14.2951879992,24.0987014359,1.2816006102,0
20.1590392696,1013.5305157008,77.8300283884,17.8255371081,34.3780343423,1.7191719228,0
24.501616043,1024.3652302716,64.4433242213,27.9006550321,29.7023164968,1.303478698,0
26.2638771966,1007.4176572293,58.1385035401,14.9870462181,17.2100270246,1.6027298005,0
21.4952762786,1013.5508846377,44.1249418424,16.4693466946,16.2663849394,1.0315346281,0
25.2999749855,1009.2806911939,62.3005145473,17.1249650618,29.5847101894,1.1139619814,0
25.2551458772,1006.9996887364,31.4400685285,18.2966134378,24.343482667,1.3088438091,0
22.5222441048,1001.513806406,64.3410607996,21.356521828,29.1037795783,1.4692449459,0
24.0905963493,1015.9087031317,63.0001302287,15.7791563828,18.1326836238,1.8728732858,0
23.2759702268,1004.2380040082,67.8301249147,26.6497894884,27.1366285783,1.0154149584,0
20.8578864142,1002.3144016763,65.6302342127,11.3916356709,24.4541379727,1.8704051699,0
21.363465615,1008.81156961,68.7085750011,10.6084462879,31.3279545272,1.8762966405,0
22.5550729347,1014.6591035331,33.8646746575,15.157400071,21.3037458031,1.3471668397,0
24.495184824,1010.8345212029,52.9458262149,29.3914410367,27.5464893905,1.061146181,0
23.914646653,1020.3335832261,34.9376484341,11.3918369479,30.2880022278,1.5650177689,0
23.7458112327,1022.2081453676,68.3348911917,26.238845026,27.8543430949,1.8646777526,0
27.4080593408,1000.5951510815,32.5777436633,29.1748659382,32.467388793,1.1191000576,0
20.6435456017,1003.912697477,42.4946597434,19.7703670786,34.7279715297,1.5181849423,0
24.1745256111,1013.4858588872,55.8870328552,10.1754951012,16.9533263625,1.704896909,0
21.6393282601,1022.3678526189,76.4303164789,29.5178667579,20.4377664384,1.1754549702,0
26.4496772414,1022.2107926286,72.5644419649,18.6673389739,16.9515833915,1.7532364143,0
23.4028421946,1024.8887316185,34.8627107928,27.1125536307,31.5430039101,1.9159920014,0
22.3828000903,1023.7449838366,37.5833480179,11.6393755519,31.5664593728,1.8292866775,0
25.8374944464,1005.2357096535,77.444081245,11.2156233726,21.0888689798,1.4223518727,0
21.3746764553,1008.9536716601,39.6467218146,14.0777295092,24.7803476069,1.5689700338,0
27.1456527084,1015.9136122144,64.4670057816,23.3521445945,28.786776444,1.8598514719,0
26.2224971476,1006.1307489558,68.4016227127,10.252852028,16.3027447734,1.7558741512,0
26.5090881904,1000.1120423331,55.0616363339,24.0967239503,27.9958145503,1.1813258561,0
23.80637452,1016.339128817,37.2934563477,13.7044666166,19.774016094,1.3951491085,0
25.2303172067,1010.9507945784,68.7986954375,24.385370119,15.9768324664,1.0798310666,0
21.1867134458,1000.553331889,61.4168182649,21.6474112632,32.7386479263,1.3715858409,0
22.3748162742,1003.810173001,36.9041828301,12.6456741602,19.8102408481,1.961578971,0
24.627786008,1024.6898943628,48.6233473913,19.1525326518,18.6577530179,1.9450791978,0
27.8944854544,1001.1227374127,37.5172937366,18.470481846,22.2776078725,1.4565117567,0
22.1735569294,1008.797626394,34.7156325731,18.5625610142,21.5766609376,1.8431991416,0
27.6164673464,1019.7527378067,62.9798413529,27.1316888845,24.256613144,1.7696001513,0
27.6966030243,1019.4908589033,73.7440983721,24.1305926461,25.4635601968,1.8250389106,0
26.7510797253,1016.8252275241,45.2289973544,10.7125959078,26.7224069761,1.1491351078,0
26.636185324,1020.9130048612,70.7253984065,22.9016538393,21.0814056956,1.8336075587,0
20.6994615799,1015.768874951,55.203747342,20.5337871785,15.6323002254,1.0520523984,0
20.3052288475,1010.7454424535,33.1537587171,25.7828790259,15.5807756532,1.6126685297,0
26.4488945413,1010.9449882819,57.7290335768,25.996589081,19.4952047532,1.6282794591,0
25.872855847,1015.5218546889,78.4621065229,13.9457661743,25.766789807,1.0994615975,0
23.044607531,1019.2344786616,65.3455507549,10.8027877633,16.7655638594,1.8972965885,0
20.1686452834,1021.4662394726,75.9714800279,17.0709644513,23.8420749242,1.3403174043,0
22.5804738931,1010.6108472214,37.2783879326,26.6227792887,23.0029910781,1.4966238141,0
24.3540312748,1023.9124531194,74.3363191572,13.3893341778,34.4259245486,1.3715731085,0
21.5602418543,1002.858077853,67.0152395378,25.400609374,30.4683642181,1.0401165783,0
27.883499075,1008.5112673886,45.5985771216,28.119104195,19.297423477,1.9933608551,0
20.6934284892,1021.5562907076,49.5257848842,20.4814489301,34.4675839155,1.212850771,0
20.6441324687,1014.0449463166,30.6802197725,18.2379659522,23.1045156586,1.8352172606,0
21.6779119515,1008.207717759,73.5023998303,24.9253212266,16.4379883732,1.3907025507,0
26.1286399929,1011.1323693094,47.3001206486,19.0241081642,33.0444057308,1.5241115412,0
20.2626834327,1011.7102386256,74.2641414548,17.2318053284,27.612169433,1.7571666254,0
20.8274813332,1005.7787841891,49.7085227292,13.4021376402,24.427363114,1.4337278829,0
26.2850144343,1023.5477636213,73.8494415487,14.1733524902,21.9547956459,1.3608068262,0
26.6108736814,1011.3034763781,56.1847166122,29.6489471409,24.7591527958,1.1511619582,0
24.8922527569,1005.9866194884,73.3702056612,16.541993308,26.9638775704,1.2848886389,0
23.333054801,1008.8409465785,56.2438609003,21.9928028814,28.0833662398,1.1264262272,0
26.0864603314,1021.2695095658,42.8503116111,18.1418391232,25.6665368551,1.0416032334,0
25.7718166619,1001.5492751745,53.4144283836,26.5534227114,17.9817949754,1.8892854621,0
26.1705090658,1010.2877900725,39.1922863445,28.8282236284,32.0471092077,1.3352883171,0
27.8843238454,1013.0458262124,37.034771193,14.3934935599,15.8494182098,1.4189408421,0
26.2346901226,1008.8735491122,79.127438077,13.615398386,16.7939859402,1.9947536881,0
26.553109102,1013.892588518,54.23706787,26.7005992253,34.784130516,1.9909174748,0
21.2474100174,1006.3387443983,34.4508062367,15.4347703297,32.0584871636,1.6310657782,0
24.1117321002,1017.7176072304,49.5416774634,26.82616703,28.9560939699,1.8852289842,0
22.0161178694,1009.528691334,68.8821284839,19.8549779226,21.9279863953,1.8887357894,0
23.7149625615,1012.9031146051,46.6381857668,15.5333988436,17.3968132308,1.7792031368,0
21.5259861096,1017.3504986456,60.1316460643,13.6907010147,23.1797300747,1.6387234088,0
24.2578787814,1019.2102635779,67.8968869803,22.3571830812,21.6852674956,1.6149100858,0
26.5789081105,1013.6569776198,40.9219122494,20.8482025736,28.9499807207,1.8361128049,0
25.4245800986,1017.1136108258,40.8577666746,29.6849953298,30.7800976912,1.5356316528,0
21.0968255046,1013.4618994166,37.2944623242,21.0607568798,22.803919345,1.8756533877,0
20.8685051576,1019.793322325,38.5377275498,10.7341596561,30.3008637994,1.8725205168,0
24.1976603295,1000.5562587982,65.8356804801,12.2046581744,18.3620509961,1.7612714296,0
27.6338508598,1009.2858487662,71.4700110099,13.8158453095,28.1498811851,1.3025039604,0
21.0541671088,1009.5741752766,40.1824320562,22.8799590726,15.2401832617,1.5736665975,0
27.3136703174,1012.6501333692,57.1850709822,19.4330560266,16.120582665,1.0525914712,0
24.4039397557,1007.6823410811,56.6801200763,12.6859392879,32.890424871,1.3434442833,0
24.9079421748,1002.3921551827,47.7283910558,15.0222457364,32.0502127258,1.5203463369,0
27.4458063564,1023.3106945745,78.4665062676,12.5075776822,28.5347339736,1.0184659049,0
20.4958002879,1022.2020095565,73.443539777,17.1454184399,26.873501488,1.4274310712,0
20.9071866188,1010.8431765662,52.8649898998,21.0188838768,34.828037261,1.1985524035,0
24.2144233508,1013.4302044849,51.9910368917,25.4378429265,27.1939091029,1.0250251016,0
24.5651534604,1022.1048617807,30.8694371463,18.103642076,22.0630880457,1.981541393,0
21.5945908716,1001.6313797281,72.9711295431,27.3693068242,25.2841434895,1.7385594981,0
22.1211920177,1000.4223338768,53.9850081267,27.1782465219,34.1245239415,1.5800435553,0
23.5568447939,1019.3712461634,66.9910817183,20.7628686016,33.5216269357,1.3633337819,0
25.0365391614,1016.8459490292,40.5343958515,26.7387768962,18.7336785183,1.7305600809,0
27.7236654275,1020.2320316093,77.0174188835,12.8121160815,26.1540952381,1.828054973,0
25.3759029712,1024.2682040997,42.7396177866,19.7156822871,19.7835358971,1.4432859861,0
23.5737724479,1009.0684161993,30.8464676213,20.4419047383,15.0263973797,1.2786283331,0
23.1475852258,1003.2962997411,55.3841912318,23.8488070504,31.0750989514,1.5190917303,0
26.4832155269,1010.6925292705,65.079967495,18.6920473744,30.2041124906,1.3385859719,0
21.793378214,1008.9777485742,41.5187411183,21.5881126217,30.7322612244,1.9887604059,0
24.7508349176,1009.9850075445,71.7769639621,24.5974802529,18.9227869947,1.8618281308,0
24.032304061,1017.0863185855,59.3966866517,26.8471357544,26.5095055577,1.6902107767,0
25.8557427068,1001.0709330297,63.7895481814,18.2938030833,23.398150954,1.4155595321,0
23.0747122237,1018.4597909234,68.7107779083,22.1405730877,33.6204455814,1.0341954499,0
26.5506631937,1005.006653868,58.9610594786,19.332687399,32.7942744025,1.0753441176,0
27.5731098177,1023.013380781,64.2216344791,19.3578505626,30.8149623715,1.0686009849,0
24.2990707395,1004.0032060046,30.386513367,18.4622686199,18.2103083056,1.2050937537,0
25.7238734382,1020.2231826805,52.6266822015,20.1310763176,16.3863252274,1.5438984207,0
25.9164091899,1015.1250765335,49.6063927493,12.3664814601,22.275721032,1.5129788419,0
25.9092964285,1022.6822390363,76.0514758027,20.7021356,20.3135693101,1.4579191672,0
21.0207299143,1010.8176228657,36.3526625119,20.0506336851,21.7551152299,1.9435035356,0
26.1868249079,1020.9720270126,48.3434197143,25.2166206004,19.0216697681,1.3450508693,0
21.1004168918,1024.9567244051,32.4594495116,18.8228719874,21.0126385716,1.1499770242,0
26.2712990447,1008.3111929562,59.5671294899,24.3127847213,31.715748729,1.3883931804,0
24.0256373606,1019.2183698345,73.877277128,12.0756385635,30.5223319683,1.3322277641,0
23.2905815746,1015.0711186697,79.9902572067,19.8598485821,18.2569315056,1.5588172349,0
24.3565767319,1005.1308481695,64.7664703226,24.8221408326,21.8819952806,1.3742644679,0
26.086413374,1011.3181356658,69.667241393,25.3804647757,32.0955669259,1.5799833205,0
21.8997512578,1009.9657240411,67.9152856757,23.0176697025,16.0247908229,1.251079024,0
23.9973619498,1018.6686693128,58.1333390328,11.6660516622,19.3865636806,1.565403392,0
24.0317262386,1005.0790009591,33.3777421728,13.4286440895,24.3709389958,1.8487524667,0
24.0921564597,1017.6671927115,39.6376005206,23.7679340985,31.6412419351,1.7731386729,0
20.7994952525,1022.0297309224,45.2102259068,23.0878672966,22.3260629052,1.9475229806,0
20.330157979,1022.9713213971,60.4540827511,26.1462860154,24.4368594968,1.4148479698,0
24.277276534,1000.5048730771,37.9299002919,22.8337301595,26.6520187357,1.4454054286,0
22.8407581309,1012.3915336009,73.5164517277,25.5172287732,32.8061839555,1.7438621449,0
21.1203138501,1016.7679881427,41.8163008805,18.7676179428,18.0322127586,1.2397441729,0
20.8001447202,1017.2977506655,31.4519951105,22.3548100125,33.9032291436,1.2255031025,0
24.9153703858,1000.7001329868,76.5894271526,20.4597461638,21.8499998602,1.3929444394,0
25.3594107373,1011.747247701,49.186108736,12.3831409108,17.0028657548,1.135239828,0
24.7629869324,1008.5685103397,41.2989192328,22.7893687898,23.0029093457,1.4912676285,0
22.4278736684,1013.9765321941,63.4749288275,10.5338631717,16.1536656917,1.5605087341,0
26.9295113221,1022.0701419797,33.4972005069,18.3821017257,17.941398091,1.7442352584,0
27.2267281097,1000.2121503021,40.8342121995,26.5437342849,32.887797074,1.5969639657,0
24.5523725991,1000.891860409,55.6761038456,22.1904062262,20.4665916625,1.4683009476,0
26.8641092605,1008.5595441502,43.3329829194,29.6973188069,15.5798549,1.1103347738,0
20.2198815586,1006.8423878992,43.4672939531,26.3863752469,34.6321885466,1.4182555533,0
25.5914212876,1024.9864766797,65.5070941281,25.2336271196,17.2730252262,1.850805958,0
27.6350288018,1005.2742322428,55.1964503862,23.6110969529,27.009457265,1.3334570205,0
23.5321495721,1013.2297524687,52.4682935813,19.8639103958,18.1793018805,1.1959787225,0
24.655549132,1019.6528861951,38.4623798721,12.1711071555,21.1031666107,1.7143179706,0
22.6140483779,1007.2385686949,56.1849193136,11.5828933656,18.5171576263,1.5138573593,0
20.0845369822,1016.8379131868,51.184508933,20.2170472993,26.0356445679,1.073444691,0
22.2713391973,1006.0749398215,42.4274655376,17.5741271513,33.2571737993,1.5429499379,0
25.0951917773,1013.0456868591,51.7038197098,13.8395101172,23.0242965542,1.7636043592,0
21.0719894496,1002.2129763141,75.4076971614,20.7101677793,16.1630224113,1.5394265146,0
26.8856162603,1002.4402499558,42.0222781838,18.1307662777,33.7776663014,1.9591934865,0
20.0475340468,1001.1927085364,37.3803409579,16.9772419354,32.8531239067,1.6196641516,0
27.3388958805,1011.5932933983,35.1771785976,19.1562730017,26.5531599213,1.0173459269,0
27.9519818673,1013.5885059433,53.6815377742,29.0923474301,18.7847520509,1.26083108,0
26.3938168503,1006.7883370727,31.6593815113,20.3402944777,30.1569258586,1.923602668,0
26.2639068581,1004.519398871,70.0079118332,22.8347408963,31.6452577194,1.4660035144,0
25.0931282829,1007.448935724,39.1298565544,22.3317567614,16.5983021869,1.6083194014,0
22.8971902678,1018.8077742668,48.7588199157,19.7200689648,28.0114958222,1.9637676499,0
27.4891758928,1021.2006975664,76.0150135286,18.9827937692,29.8418518512,1.8906785956,0
25.7306482181,1024.9471177057,47.4252899916,26.6599548448,28.8277289043,1.7856017924,0
27.2030081788,1005.463711538,61.2748418558,17.8426965821,24.5766563166,1.3818576252,0
25.2307071185,1001.9022342837,60.1800960111,28.6244951836,16.3534707332,1.6987269237,0
21.2982465945,1000.3104022292,38.5641318146,26.7635184137,19.6629460724,1.5861105359,0
26.2618856829,1018.6537625957,32.5300693561,27.8502283819,26.0678488046,1.1686282109,0
27.8098500536,1012.2038989022,32.8821347799,28.7452408956,28.9838639596,1.8347379548,0
20.2650676975,1006.7094591319,53.4824178201,11.5320723263,22.8732682811,1.0033788468,0
25.758642494,1020.8452327218,49.7520267841,21.2843595407,27.4439529256,1.4886438971,0
25.1536438547,1022.9547943308,49.0667908561,25.3038040596,33.5402422585,1.3190953399,0
27.0971359896,1001.2311100352,36.8192696467,11.6480886917,15.2121484674,1.4512677954,0
20.0322022308,1010.0411294303,39.3400420523,22.4880097494,24.7505514081,1.6561288044,0
26.7363102688,1018.0081069332,71.4978959478,14.010190471,21.443869013,1.8433916463,0
27.5345701517,1016.3889549354,41.5718315232,15.0348892857,32.956621592,1.8259736696,0
22.3304224696,1020.2146542357,76.0135598801,18.5498774399,31.0444263794,1.6844490485,0
24.9826338957,1003.8222211411,72.2395180145,13.9155022283,20.0114258284,1.2846553935,0
22.5422832687,1007.7500463196,67.3946127013,21.1363023594,21.1474543841,1.7529485997,0
21.2118569042,1010.014733933,54.1408747175,17.1137477979,28.72839788,1.7093907453,0
27.4803535711,1014.1299380295,60.571711837,11.3786540425,20.708955744,1.9791121697,0
24.7640208046,1018.1177371866,52.2659809112,11.2073168703,15.6999768253,1.0229215731,0
26.8984418926,1003.9409008958,55.7135747721,21.9430140897,21.815269787,1.3114157539,0
23.5049787766,1008.972824775,58.3102411754,14.7584832449,25.0173990676,1.4770667496,0
26.9313210362,1000.5451698281,63.9777059554,20.9593559359,31.3495287861,1.2938020288,0
26.6250015349,1015.9631261548,74.9129541837,22.5976740734,31.7289179252,1.7760489589,0
24.9096518548,1001.7376949129,55.4288960934,11.6491615597,25.930034278,1.1831353716,0
24.8482676202,1005.2895533643,60.7032492364,24.4529940472,31.3014798137,1.0772717263,0
22.7461372566,1017.178063009,54.9293143696,13.8135189351,23.1487130553,1.8097537174,0
23.2607866707,1000.661362637,32.9031669446,27.1248808338,28.7681867291,1.9386003158,0
25.302424691,1021.10833873,68.2926152019,17.5827863155,18.7226430874,1.7781256613,0
27.1518271351,1018.1115105813,53.2586848328,11.7301853788,22.4865112923,1.6091206222,0
20.0519161711,1024.7430722617,48.1969441702,26.961893276,17.6087890907,1.7098270749,0
24.2194886794,1012.8638272834,34.3739802875,23.1169789715,16.8648983844,1.9023079734,0
22.2747512786,1016.3485918045,56.7409082472,21.9265521001,20.9998294111,1.7442809393,0
25.9687476976,1016.768143502,62.181689406,14.8743426434,31.1743079377,1.3068381307,0
20.8154552542,1001.5680397725,47.4433360898,26.0947412953,32.9350272923,1.9077253431,0
24.2177980128,1005.4853909639,69.9023291418,14.2742594971,19.6650864365,1.3218275082,0
21.233248397,1011.3293352974,73.6953619393,21.411057099,18.9174437016,1.5755771257,0
23.7066312124,1016.5043160412,69.7313395513,25.026145913,22.9651281831,1.5509126399,0
20.8859449615,1007.2212780833,40.3944027632,17.9312743359,15.636834891,1.6102489783,0
25.6668714883,1016.5096610068,35.7147340571,15.8215776275,31.859448041,1.2015270029,0
22.7304739239,1024.1653748066,59.707967894,26.023111946,19.2010584036,1.6858724552,0
25.4478234337,1013.8158645457,58.1789171388,24.7139501061,22.0553693171,1.308865201,0
24.370476571,1017.5659866002,79.9962413417,18.7058266299,31.8517675887,1.7310758817,0
23.7058370993,1008.098478004,60.4365241292,27.5244658626,17.1699669014,1.4647219562,0
27.8209229402,1016.9499503811,50.3623208631,10.5211577197,16.9215195128,1.7525186606,0
23.6840732793,1010.7302694886,74.8669482784,15.7691670084,33.7839486565,1.8206255931,0
21.5615505142,1003.5823997858,31.3014774909,14.7408301784,19.8007683753,1.2519082654,0
23.1623399836,1024.5790572478,42.2405865642,17.527412546,17.1924997266,1.3786906633,0
25.5590966865,1020.4398636738,57.2124857248,10.6439284417,16.1078146004,1.6850299493,0
21.5821410209,1020.4836537181,75.5542565787,26.2617392823,26.7328602489,1.3206647262,0
26.5602225781,1000.2368782816,30.1823351392,25.1942332068,30.779543757,1.1179063118,0
21.8558798799,1022.5931230094,38.8618098886,23.6445853515,16.663873537,1.5203722164,0
26.8188009335,1017.6884622404,61.0941580727,19.9206577988,17.3848982264,1.0285184939,0
21.6884471141,1010.8120843968,50.9302592836,10.8859086199,25.9936851171,1.9431630525,0
20.7950622316,1021.3708537809,30.0154865958,27.6456219009,30.1562406378,1.7382168001,0
23.2139616434,1001.7726980583,68.3753347698,11.4250537064,16.0194807158,1.7230344309,0
23.1459717183,1005.4308368648,67.9545480698,25.6858940958,22.5233022086,1.3631284428,0
22.0566545748,1018.7758240384,46.9825922508,18.5629888398,29.2532245129,1.6667560613,0
23.7726607688,1019.4801278685,62.0485662061,11.2122071424,15.7583388815,1.8258534343,0
22.5046653548,1009.6040045773,75.4738554184,26.7380689063,20.3360756418,1.0160588227,0
20.8560853808,1007.3149110906,57.589503179,11.280001655,18.6216140462,1.615789799,0
24.406125811,1006.2625356174,48.5559845609,11.9337943268,32.9541045295,1.6476595856,0
27.3345863362,1016.06854751,31.6598243053,29.9352516997,28.6528360289,1.3919811129,0
25.1674734784,1010.9121837327,42.5273029466,16.6889237376,34.1864780902,1.4585487715,0
21.5985673627,1020.2754027566,37.8591235804,14.2092443428,32.606963917,1.1222341929,0
23.9517999064,1006.9102635274,58.4363970824,19.0327336937,17.2394594097,1.8210785774,0
27.0870619006,1005.8670883221,35.6730250762,11.0683334387,29.30706425,1.6796758675,0
25.7036705245,1023.3835570349,33.2436818918,13.8458344646,32.3598786667,1.5746420706,0
20.6693072804,1006.8328089664,44.8859924029,21.2148639203,16.4591972783,1.2990802117,0
23.6189934162,1003.1916658746,70.1274151697,21.3106375385,24.9094312613,1.8918682044,0
24.6116788517,1023.3473359538,46.1544373647,17.3128432541,26.7840181353,1.7735191902,0
21.1985302884,1011.1039768078,38.8431606047,23.2425469771,33.0832736791,1.2914022663,0
26.8072505772,1011.4616902537,31.19979729,19.8917250241,34.7068943737,1.2565326176,0
24.5097414364,1001.9216775846,69.9945652134,28.5065610773,21.835152046,1.0350876112,0
25.2112028696,1013.3726196048,52.9673185664,28.1526190667,15.1933253338,1.2233714378,0
20.2662843941,1012.5710927661,45.7045227617,13.6096601614,19.0890265247,1.3492649058,0
24.0946220853,1023.3466759963,31.8675817408,20.0052901495,26.7594849674,1.3976811351,0
25.4421250298,1022.2702973579,32.0533186873,11.4307764378,19.6555936887,1.2212699986,0
21.5666003908,1003.2655991717,76.6977065898,12.8837892781,19.9253144796,1.7557141336,0
26.3175954425,1002.6189564885,71.8154937508,18.1638616363,26.5150016704,1.7786521511,0
27.1199798606,1023.2033046504,41.9061035714,18.4771578834,32.5864331853,1.8614748123,0
22.6350985759,1009.2033397495,31.9566127242,16.5375757953,15.5109480224,1.0313996298,0
22.9673874009,1004.3160160195,42.6109196634,27.5519674632,20.475959828,1.1421069598,0
22.0751328594,1013.6561991901,41.8761520924,23.582554748,30.4397814051,1.1158048893,0
22.6773200799,1007.988726572,37.5591459669,26.2060627467,24.6885094167,1.059544138,0
24.4440588186,1019.7835381005,58.6913786792,15.3061274024,22.2297685993,1.4875653633,0
23.0494000077,1017.9719495099,74.1938055993,10.1042503695,25.2303027217,1.8556245662,0
23.7368295385,1020.8743518341,38.8809909728,13.1833506896,32.402860111,1.6437404584,0
24.2039138417,1008.2848271924,79.00002078,16.3939137333,25.6396359981,1.3934805506,0
27.7185850038,1014.2920581525,76.8893815229,10.1518283235,29.3437377945,1.9049768818,0
